18:46:22.969 SetBreakpoint nodeIdStr='20000006-0000-0000-0000-000000000002' assetId=47fe9c55-c6ca-4c69-9c5a-d46de25745de graphId=10000006-0000-0000-0000-000000000001 bpCount=1 mgr=True
18:46:57.596 OnNodeEnter entity=0 nodeId='20000006-0000-0000-0000-000000000004' bpDictSize=1 inDict=False mgr=True paused=False
18:46:57.597 OnNodeEnter entity=0 nodeId='976ef338-34f2-1469-973f-ee53538aab17' bpDictSize=1 inDict=False mgr=True paused=False
18:46:58.624 OnNodeEnter entity=0 nodeId='20000006-0000-0000-0000-000000000004' bpDictSize=1 inDict=False mgr=True paused=False
18:46:58.625 OnNodeEnter entity=0 nodeId='976ef338-34f2-1469-973f-ee53538aab17' bpDictSize=1 inDict=False mgr=True paused=False
18:46:59.656 OnNodeEnter entity=0 nodeId='20000006-0000-0000-0000-000000000004' bpDictSize=1 inDict=False mgr=True paused=False
18:46:59.657 OnNodeEnter entity=0 nodeId='976ef338-34f2-1469-973f-ee53538aab17' bpDictSize=1 inDict=False mgr=True paused=False
18:47:00.693 OnNodeEnter entity=0 nodeId='20000006-0000-0000-0000-000000000004' bpDictSize=1 inDict=False mgr=True paused=False
18:47:00.694 OnNodeEnter entity=0 nodeId='976ef338-34f2-1469-973f-ee53538aab17' bpDictSize=1 inDict=False mgr=True paused=False
18:47:01.721 OnNodeEnter entity=0 nodeId='20000006-0000-0000-0000-000000000004' bpDictSize=1 inDict=False mgr=True paused=False
18:47:01.722 OnNodeEnter entity=0 nodeId='976ef338-34f2-1469-973f-ee53538aab17' bpDictSize=1 inDict=False mgr=True paused=False
18:47:02.754 OnNodeEnter entity=0 nodeId='20000006-0000-0000-0000-000000000004' bpDictSize=1 inDict=False mgr=True paused=False
18:47:02.755 OnNodeEnter entity=0 nodeId='976ef338-34f2-1469-973f-ee53538aab17' bpDictSize=1 inDict=False mgr=True paused=False
18:47:03.774 OnNodeEnter entity=0 nodeId='20000006-0000-0000-0000-000000000004' bpDictSize=1 inDict=False mgr=True paused=False
18:47:03.775 OnNodeEnter entity=0 nodeId='976ef338-34f2-1469-973f-ee53538aab17' bpDictSize=1 inDict=False mgr=True paused=False
18:47:04.791 OnNodeEnter entity=0 nodeId='20000006-0000-0000-0000-000000000004' bpDictSize=1 inDict=False mgr=True paused=False
18:47:04.792 OnNodeEnter entity=0 nodeId='976ef338-34f2-1469-973f-ee53538aab17' bpDictSize=1 inDict=False mgr=True paused=False
18:47:05.812 OnNodeEnter entity=0 nodeId='20000006-0000-0000-0000-000000000004' bpDictSize=1 inDict=False mgr=True paused=False
18:47:05.813 OnNodeEnter entity=0 nodeId='976ef338-34f2-1469-973f-ee53538aab17' bpDictSize=1 inDict=False mgr=True paused=False
18:47:06.841 OnNodeEnter entity=0 nodeId='20000006-0000-0000-0000-000000000004' bpDictSize=1 inDict=False mgr=True paused=False
18:49:01.684 SetBreakpoint nodeIdStr='da9a9c0b-25f8-4a81-9a52-75c715456f18' assetId=47fe9c55-c6ca-4c69-9c5a-d46de25745de graphId=10000006-0000-0000-0000-000000000001 bpCount=1 mgr=True
18:49:21.527 OnNodeEnter entity=0 nodeId='20000006-0000-0000-0000-000000000004' bpDictSize=1 inDict=False mgr=True paused=False
18:49:21.528 OnNodeEnter entity=0 nodeId='976ef338-34f2-1469-973f-ee53538aab17' bpDictSize=1 inDict=False mgr=True paused=False
18:49:22.549 OnNodeEnter entity=0 nodeId='20000006-0000-0000-0000-000000000004' bpDictSize=1 inDict=False mgr=True paused=False
18:49:22.550 OnNodeEnter entity=0 nodeId='976ef338-34f2-1469-973f-ee53538aab17' bpDictSize=1 inDict=False mgr=True paused=False
18:49:23.576 OnNodeEnter entity=0 nodeId='20000006-0000-0000-0000-000000000004' bpDictSize=1 inDict=False mgr=True paused=False
18:49:23.577 OnNodeEnter entity=0 nodeId='976ef338-34f2-1469-973f-ee53538aab17' bpDictSize=1 inDict=False mgr=True paused=False
18:49:24.593 OnNodeEnter entity=0 nodeId='20000006-0000-0000-0000-000000000004' bpDictSize=1 inDict=False mgr=True paused=False
18:49:24.594 OnNodeEnter entity=0 nodeId='976ef338-34f2-1469-973f-ee53538aab17' bpDictSize=1 inDict=False mgr=True paused=False
18:49:25.612 OnNodeEnter entity=0 nodeId='20000006-0000-0000-0000-000000000004' bpDictSize=1 inDict=False mgr=True paused=False
18:49:25.613 OnNodeEnter entity=0 nodeId='976ef338-34f2-1469-973f-ee53538aab17' bpDictSize=1 inDict=False mgr=True paused=False
18:49:26.641 OnNodeEnter entity=0 nodeId='20000006-0000-0000-0000-000000000004' bpDictSize=1 inDict=False mgr=True paused=False
18:49:26.642 OnNodeEnter entity=0 nodeId='976ef338-34f2-1469-973f-ee53538aab17' bpDictSize=1 inDict=False mgr=True paused=False
18:49:27.677 OnNodeEnter entity=0 nodeId='20000006-0000-0000-0000-000000000004' bpDictSize=1 inDict=False mgr=True paused=False
18:49:27.678 OnNodeEnter entity=0 nodeId='976ef338-34f2-1469-973f-ee53538aab17' bpDictSize=1 inDict=False mgr=True paused=False
18:49:28.697 OnNodeEnter entity=0 nodeId='20000006-0000-0000-0000-000000000004' bpDictSize=1 inDict=False mgr=True paused=False
18:49:28.698 OnNodeEnter entity=0 nodeId='976ef338-34f2-1469-973f-ee53538aab17' bpDictSize=1 inDict=False mgr=True paused=False
18:49:29.716 OnNodeEnter entity=0 nodeId='20000006-0000-0000-0000-000000000004' bpDictSize=1 inDict=False mgr=True paused=False
18:49:29.717 OnNodeEnter entity=0 nodeId='976ef338-34f2-1469-973f-ee53538aab17' bpDictSize=1 inDict=False mgr=True paused=False
18:49:30.744 OnNodeEnter entity=0 nodeId='20000006-0000-0000-0000-000000000004' bpDictSize=1 inDict=False mgr=True paused=False
18:50:35.896 SetBreakpoint nodeIdStr='20000006-0000-0000-0000-000000000003' assetId=47fe9c55-c6ca-4c69-9c5a-d46de25745de graphId=10000006-0000-0000-0000-000000000001 bpCount=1 mgr=True
18:50:50.335 OnNodeEnter entity=0 nodeId='20000006-0000-0000-0000-000000000004' bpDictSize=1 inDict=False mgr=True paused=False
18:50:50.336 OnNodeEnter entity=0 nodeId='976ef338-34f2-1469-973f-ee53538aab17' bpDictSize=1 inDict=False mgr=True paused=False
18:50:51.359 OnNodeEnter entity=0 nodeId='20000006-0000-0000-0000-000000000004' bpDictSize=1 inDict=False mgr=True paused=False
18:50:51.360 OnNodeEnter entity=0 nodeId='976ef338-34f2-1469-973f-ee53538aab17' bpDictSize=1 inDict=False mgr=True paused=False
18:50:52.389 OnNodeEnter entity=0 nodeId='20000006-0000-0000-0000-000000000004' bpDictSize=1 inDict=False mgr=True paused=False
18:50:52.393 OnNodeEnter entity=0 nodeId='976ef338-34f2-1469-973f-ee53538aab17' bpDictSize=1 inDict=False mgr=True paused=False
18:50:53.417 OnNodeEnter entity=0 nodeId='20000006-0000-0000-0000-000000000004' bpDictSize=1 inDict=False mgr=True paused=False
18:50:53.419 OnNodeEnter entity=0 nodeId='976ef338-34f2-1469-973f-ee53538aab17' bpDictSize=1 inDict=False mgr=True paused=False
18:50:54.443 OnNodeEnter entity=0 nodeId='20000006-0000-0000-0000-000000000004' bpDictSize=1 inDict=False mgr=True paused=False
18:50:54.444 OnNodeEnter entity=0 nodeId='976ef338-34f2-1469-973f-ee53538aab17' bpDictSize=1 inDict=False mgr=True paused=False
18:50:55.461 OnNodeEnter entity=0 nodeId='20000006-0000-0000-0000-000000000004' bpDictSize=1 inDict=False mgr=True paused=False
18:50:55.462 OnNodeEnter entity=0 nodeId='976ef338-34f2-1469-973f-ee53538aab17' bpDictSize=1 inDict=False mgr=True paused=False
18:50:56.494 OnNodeEnter entity=0 nodeId='20000006-0000-0000-0000-000000000004' bpDictSize=1 inDict=False mgr=True paused=False
18:50:56.495 OnNodeEnter entity=0 nodeId='976ef338-34f2-1469-973f-ee53538aab17' bpDictSize=1 inDict=False mgr=True paused=False
18:55:51.176 OnNodeEnter entity=1 nodeId='node-001' bpDictSize=0 inDict=False mgr=False paused=False
18:55:51.181 OnNodeEnter entity=1 nodeId='node-002' bpDictSize=0 inDict=False mgr=False paused=False
18:55:51.182 OnNodeEnter entity=1 nodeId='node-003' bpDictSize=0 inDict=False mgr=False paused=False
18:55:51.183 OnNodeEnter entity=1 nodeId='node-004' bpDictSize=0 inDict=False mgr=False paused=False
18:55:51.184 OnNodeEnter entity=1 nodeId='node-005' bpDictSize=0 inDict=False mgr=False paused=False
18:55:51.185 OnNodeEnter entity=1 nodeId='node-006' bpDictSize=0 inDict=False mgr=False paused=False
18:55:51.187 OnNodeEnter entity=1 nodeId='node-007' bpDictSize=0 inDict=False mgr=False paused=False
18:55:51.188 OnNodeEnter entity=1 nodeId='node-008' bpDictSize=0 inDict=False mgr=False paused=False
18:55:51.190 OnNodeEnter entity=1 nodeId='node-009' bpDictSize=0 inDict=False mgr=False paused=False
18:55:51.191 OnNodeEnter entity=1 nodeId='node-010' bpDictSize=0 inDict=False mgr=False paused=False
18:55:51.192 OnNodeEnter entity=1 nodeId='node-011' bpDictSize=0 inDict=False mgr=False paused=False
18:55:51.193 OnNodeEnter entity=1 nodeId='node-012' bpDictSize=0 inDict=False mgr=False paused=False
18:55:51.194 OnNodeEnter entity=1 nodeId='node-013' bpDictSize=0 inDict=False mgr=False paused=False
18:55:51.195 OnNodeEnter entity=1 nodeId='node-014' bpDictSize=0 inDict=False mgr=False paused=False
18:55:51.196 OnNodeEnter entity=1 nodeId='node-015' bpDictSize=0 inDict=False mgr=False paused=False
18:56:25.067 SetBreakpoint nodeIdStr='cccccccc-cccc-cccc-cccc-cccccccccccc' assetId=aaaaaaaa-aaaa-aaaa-aaaa-aaaaaaaaaaaa graphId=11111111-1111-1111-1111-111111111111 bpCount=1 mgr=False
18:56:25.073 OnNodeEnter entity=1 nodeId='cccccccc-cccc-cccc-cccc-cccccccccccc' bpDictSize=1 inDict=True mgr=False paused=False
18:56:25.077 BREAKPOINT HIT! nodeId='cccccccc-cccc-cccc-cccc-cccccccccccc' entity=1
18:56:25.081 SetBreakpoint nodeIdStr='cccccccc-cccc-cccc-cccc-cccccccccccc' assetId=aaaaaaaa-aaaa-aaaa-aaaa-aaaaaaaaaaaa graphId=11111111-1111-1111-1111-111111111111 bpCount=1 mgr=False
18:56:25.083 SetBreakpoint nodeIdStr='dddddddd-dddd-dddd-dddd-dddddddddddd' assetId=aaaaaaaa-aaaa-aaaa-aaaa-aaaaaaaaaaaa graphId=11111111-1111-1111-1111-111111111111 bpCount=2 mgr=False
18:56:25.085 SetBreakpoint nodeIdStr='cccccccc-cccc-cccc-cccc-cccccccccccc' assetId=aaaaaaaa-aaaa-aaaa-aaaa-aaaaaaaaaaaa graphId=11111111-1111-1111-1111-111111111111 bpCount=1 mgr=False
18:56:25.086 OnNodeEnter entity=1 nodeId='cccccccc-cccc-cccc-cccc-cccccccccccc' bpDictSize=0 inDict=False mgr=False paused=False
18:56:25.089 SetBreakpoint nodeIdStr='cccccccc-cccc-cccc-cccc-cccccccccccc' assetId=aaaaaaaa-aaaa-aaaa-aaaa-aaaaaaaaaaaa graphId=11111111-1111-1111-1111-111111111111 bpCount=1 mgr=False
18:56:25.103 OnNodeEnter entity=1 nodeId='cccccccc-cccc-cccc-cccc-cccccccccccc' bpDictSize=1 inDict=True mgr=False paused=False
18:56:25.105 BREAKPOINT HIT! nodeId='cccccccc-cccc-cccc-cccc-cccccccccccc' entity=1
18:56:25.114 SetBreakpoint nodeIdStr='cccccccc-cccc-cccc-cccc-cccccccccccc' assetId=aaaaaaaa-aaaa-aaaa-aaaa-aaaaaaaaaaaa graphId=11111111-1111-1111-1111-111111111111 bpCount=1 mgr=False
18:56:25.116 OnNodeEnter entity=1 nodeId='cccccccc-cccc-cccc-cccc-cccccccccccc' bpDictSize=1 inDict=True mgr=False paused=False
18:56:25.117 BREAKPOINT HIT! nodeId='cccccccc-cccc-cccc-cccc-cccccccccccc' entity=1
18:56:25.119 OnNodeEnter entity=1 nodeId='cccccccc-cccc-cccc-cccc-cccccccccccc' bpDictSize=1 inDict=True mgr=False paused=False
18:56:25.120 BREAKPOINT HIT! nodeId='cccccccc-cccc-cccc-cccc-cccccccccccc' entity=1
18:56:25.122 OnNodeEnter entity=1 nodeId='cccccccc-cccc-cccc-cccc-cccccccccccc' bpDictSize=1 inDict=True mgr=False paused=False
18:56:25.123 BREAKPOINT HIT! nodeId='cccccccc-cccc-cccc-cccc-cccccccccccc' entity=1
18:56:25.126 SetBreakpoint nodeIdStr='cccccccc-cccc-cccc-cccc-cccccccccccc' assetId=aaaaaaaa-aaaa-aaaa-aaaa-aaaaaaaaaaaa graphId=11111111-1111-1111-1111-111111111111 bpCount=1 mgr=False
18:56:25.128 OnNodeEnter entity=1 nodeId='cccccccc-cccc-cccc-cccc-cccccccccccc' bpDictSize=1 inDict=True mgr=False paused=False
18:56:25.133 BREAKPOINT HIT! nodeId='cccccccc-cccc-cccc-cccc-cccccccccccc' entity=1
18:56:57.892 OnNodeEnter entity=1 nodeId='node-a' bpDictSize=0 inDict=False mgr=False paused=False
18:56:57.895 OnNodeEnter entity=2 nodeId='node-b' bpDictSize=0 inDict=False mgr=False paused=False
18:56:57.897 OnNodeEnter entity=1 nodeId='node-c' bpDictSize=0 inDict=False mgr=False paused=False
18:56:57.931 SetBreakpoint nodeIdStr='cccccccc-cccc-cccc-cccc-cccccccccccc' assetId=aaaaaaaa-aaaa-aaaa-aaaa-aaaaaaaaaaaa graphId=11111111-1111-1111-1111-111111111111 bpCount=1 mgr=False
18:56:57.933 SetBreakpoint nodeIdStr='dddddddd-dddd-dddd-dddd-dddddddddddd' assetId=aaaaaaaa-aaaa-aaaa-aaaa-aaaaaaaaaaaa graphId=11111111-1111-1111-1111-111111111111 bpCount=2 mgr=False
18:56:57.935 SetBreakpoint nodeIdStr='eeeeeeee-eeee-eeee-eeee-eeeeeeeeeeee' assetId=bbbbbbbb-bbbb-bbbb-bbbb-bbbbbbbbbbbb graphId=11111111-1111-1111-1111-111111111111 bpCount=3 mgr=False
18:56:57.993 SetBreakpoint nodeIdStr='cccccccc-cccc-cccc-cccc-cccccccccccc' assetId=aaaaaaaa-aaaa-aaaa-aaaa-aaaaaaaaaaaa graphId=11111111-1111-1111-1111-111111111111 bpCount=1 mgr=False
18:56:57.995 OnNodeEnter entity=1 nodeId='cccccccc-cccc-cccc-cccc-cccccccccccc' bpDictSize=1 inDict=True mgr=False paused=False
18:56:58.013 BREAKPOINT HIT! nodeId='cccccccc-cccc-cccc-cccc-cccccccccccc' entity=1
18:56:58.038 SetBreakpoint nodeIdStr='cccccccc-cccc-cccc-cccc-cccccccccccc' assetId=aaaaaaaa-aaaa-aaaa-aaaa-aaaaaaaaaaaa graphId=11111111-1111-1111-1111-111111111111 bpCount=1 mgr=False
18:56:58.040 OnNodeEnter entity=1 nodeId='cccccccc-cccc-cccc-cccc-cccccccccccc' bpDictSize=1 inDict=True mgr=False paused=False
18:56:58.042 BREAKPOINT HIT! nodeId='cccccccc-cccc-cccc-cccc-cccccccccccc' entity=1
18:56:58.061 SetBreakpoint nodeIdStr='cccccccc-cccc-cccc-cccc-cccccccccccc' assetId=aaaaaaaa-aaaa-aaaa-aaaa-aaaaaaaaaaaa graphId=11111111-1111-1111-1111-111111111111 bpCount=1 mgr=False
18:56:58.098 OnNodeEnter entity=1 nodeId='node-001' bpDictSize=0 inDict=False mgr=False paused=False
18:56:58.100 OnNodeEnter entity=1 nodeId='node-002' bpDictSize=0 inDict=False mgr=False paused=False
18:56:58.102 OnNodeEnter entity=1 nodeId='node-003' bpDictSize=0 inDict=False mgr=False paused=False
18:56:58.103 OnNodeEnter entity=1 nodeId='node-004' bpDictSize=0 inDict=False mgr=False paused=False
18:56:58.104 OnNodeEnter entity=1 nodeId='node-005' bpDictSize=0 inDict=False mgr=False paused=False
18:56:58.113 OnNodeEnter entity=1 nodeId='node-006' bpDictSize=0 inDict=False mgr=False paused=False
18:57:24.983 SetBreakpoint nodeIdStr='cccccccc-cccc-cccc-cccc-cccccccccccc' assetId=aaaaaaaa-aaaa-aaaa-aaaa-aaaaaaaaaaaa graphId=11111111-1111-1111-1111-111111111111 bpCount=1 mgr=False
18:57:24.991 OnNodeEnter entity=1 nodeId='cccccccc-cccc-cccc-cccc-cccccccccccc' bpDictSize=1 inDict=True mgr=False paused=False
18:57:24.994 SetBreakpoint nodeIdStr='cccccccc-cccc-cccc-cccc-cccccccccccc' assetId=aaaaaaaa-aaaa-aaaa-aaaa-aaaaaaaaaaaa graphId=11111111-1111-1111-1111-111111111111 bpCount=1 mgr=False
18:57:24.998 OnNodeEnter entity=1 nodeId='cccccccc-cccc-cccc-cccc-cccccccccccc' bpDictSize=1 inDict=True mgr=False paused=False
18:57:24.999 BREAKPOINT HIT! nodeId='cccccccc-cccc-cccc-cccc-cccccccccccc' entity=1
18:57:25.024 SetBreakpoint nodeIdStr='cccccccc-cccc-cccc-cccc-cccccccccccc' assetId=aaaaaaaa-aaaa-aaaa-aaaa-aaaaaaaaaaaa graphId=11111111-1111-1111-1111-111111111111 bpCount=1 mgr=False
18:57:25.026 SetBreakpoint nodeIdStr='dddddddd-dddd-dddd-dddd-dddddddddddd' assetId=aaaaaaaa-aaaa-aaaa-aaaa-aaaaaaaaaaaa graphId=11111111-1111-1111-1111-111111111111 bpCount=2 mgr=False
18:57:25.029 SetBreakpoint nodeIdStr='cccccccc-cccc-cccc-cccc-cccccccccccc' assetId=aaaaaaaa-aaaa-aaaa-aaaa-aaaaaaaaaaaa graphId=11111111-1111-1111-1111-111111111111 bpCount=1 mgr=False
18:57:25.031 OnNodeEnter entity=1 nodeId='cccccccc-cccc-cccc-cccc-cccccccccccc' bpDictSize=0 inDict=False mgr=False paused=False
18:57:25.041 SetBreakpoint nodeIdStr='cccccccc-cccc-cccc-cccc-cccccccccccc' assetId=aaaaaaaa-aaaa-aaaa-aaaa-aaaaaaaaaaaa graphId=11111111-1111-1111-1111-111111111111 bpCount=1 mgr=False
18:57:25.044 OnNodeEnter entity=1 nodeId='cccccccc-cccc-cccc-cccc-cccccccccccc' bpDictSize=1 inDict=True mgr=False paused=False
18:57:25.046 BREAKPOINT HIT! nodeId='cccccccc-cccc-cccc-cccc-cccccccccccc' entity=1
18:57:25.063 SetBreakpoint nodeIdStr='cccccccc-cccc-cccc-cccc-cccccccccccc' assetId=aaaaaaaa-aaaa-aaaa-aaaa-aaaaaaaaaaaa graphId=11111111-1111-1111-1111-111111111111 bpCount=1 mgr=False
18:57:25.065 OnNodeEnter entity=1 nodeId='cccccccc-cccc-cccc-cccc-cccccccccccc' bpDictSize=1 inDict=True mgr=False paused=False
18:57:25.066 BREAKPOINT HIT! nodeId='cccccccc-cccc-cccc-cccc-cccccccccccc' entity=1
18:58:00.332 SetBreakpoint nodeIdStr='cccccccc-cccc-cccc-cccc-cccccccccccc' assetId=aaaaaaaa-aaaa-aaaa-aaaa-aaaaaaaaaaaa graphId=11111111-1111-1111-1111-111111111111 bpCount=1 mgr=False
18:58:00.336 OnNodeEnter entity=1 nodeId='cccccccc-cccc-cccc-cccc-cccccccccccc' bpDictSize=1 inDict=True mgr=False paused=False
18:58:00.338 BREAKPOINT HIT! nodeId='cccccccc-cccc-cccc-cccc-cccccccccccc' entity=1
18:58:11.460 SetBreakpoint nodeIdStr='cccccccc-cccc-cccc-cccc-cccccccccccc' assetId=aaaaaaaa-aaaa-aaaa-aaaa-aaaaaaaaaaaa graphId=11111111-1111-1111-1111-111111111111 bpCount=1 mgr=False
18:58:11.465 OnNodeEnter entity=1 nodeId='cccccccc-cccc-cccc-cccc-cccccccccccc' bpDictSize=1 inDict=True mgr=False paused=False
18:58:11.469 BREAKPOINT HIT! nodeId='cccccccc-cccc-cccc-cccc-cccccccccccc' entity=1
18:58:11.471 SetBreakpoint nodeIdStr='cccccccc-cccc-cccc-cccc-cccccccccccc' assetId=aaaaaaaa-aaaa-aaaa-aaaa-aaaaaaaaaaaa graphId=11111111-1111-1111-1111-111111111111 bpCount=1 mgr=False
18:58:11.473 SetBreakpoint nodeIdStr='dddddddd-dddd-dddd-dddd-dddddddddddd' assetId=aaaaaaaa-aaaa-aaaa-aaaa-aaaaaaaaaaaa graphId=11111111-1111-1111-1111-111111111111 bpCount=2 mgr=False
18:58:11.474 SetBreakpoint nodeIdStr='eeeeeeee-eeee-eeee-eeee-eeeeeeeeeeee' assetId=bbbbbbbb-bbbb-bbbb-bbbb-bbbbbbbbbbbb graphId=11111111-1111-1111-1111-111111111111 bpCount=3 mgr=False
18:58:11.480 SetBreakpoint nodeIdStr='cccccccc-cccc-cccc-cccc-cccccccccccc' assetId=aaaaaaaa-aaaa-aaaa-aaaa-aaaaaaaaaaaa graphId=11111111-1111-1111-1111-111111111111 bpCount=1 mgr=False
18:58:11.484 SetBreakpoint nodeIdStr='dddddddd-dddd-dddd-dddd-dddddddddddd' assetId=aaaaaaaa-aaaa-aaaa-aaaa-aaaaaaaaaaaa graphId=11111111-1111-1111-1111-111111111111 bpCount=2 mgr=False
18:58:11.487 SetBreakpoint nodeIdStr='cccccccc-cccc-cccc-cccc-cccccccccccc' assetId=aaaaaaaa-aaaa-aaaa-aaaa-aaaaaaaaaaaa graphId=11111111-1111-1111-1111-111111111111 bpCount=1 mgr=False
18:58:11.487 OnNodeEnter entity=1 nodeId='a' bpDictSize=0 inDict=False mgr=False paused=False
19:10:14.099 SetBreakpoint nodeIdStr='0b561966-b00b-4c84-a1a0-87042220ba9f' assetId=47fe9c55-c6ca-4c69-9c5a-d46de25745de graphId=10000006-0000-0000-0000-000000000001 bpCount=1 mgr=True
19:10:29.904 OnNodeEnter entity=0 nodeId='20000006-0000-0000-0000-000000000004' bpDictSize=1 inDict=False mgr=True paused=False
19:10:29.906 OnNodeEnter entity=0 nodeId='976ef338-34f2-1469-973f-ee53538aab17' bpDictSize=1 inDict=False mgr=True paused=False
19:10:30.925 OnNodeEnter entity=0 nodeId='20000006-0000-0000-0000-000000000004' bpDictSize=1 inDict=False mgr=True paused=False
19:10:30.927 OnNodeEnter entity=0 nodeId='976ef338-34f2-1469-973f-ee53538aab17' bpDictSize=1 inDict=False mgr=True paused=False
19:10:31.960 OnNodeEnter entity=0 nodeId='20000006-0000-0000-0000-000000000004' bpDictSize=1 inDict=False mgr=True paused=False
19:10:31.961 OnNodeEnter entity=0 nodeId='976ef338-34f2-1469-973f-ee53538aab17' bpDictSize=1 inDict=False mgr=True paused=False
19:10:32.989 OnNodeEnter entity=0 nodeId='20000006-0000-0000-0000-000000000004' bpDictSize=1 inDict=False mgr=True paused=False
19:10:32.990 OnNodeEnter entity=0 nodeId='976ef338-34f2-1469-973f-ee53538aab17' bpDictSize=1 inDict=False mgr=True paused=False
19:10:34.009 OnNodeEnter entity=0 nodeId='20000006-0000-0000-0000-000000000004' bpDictSize=1 inDict=False mgr=True paused=False
19:10:34.010 OnNodeEnter entity=0 nodeId='976ef338-34f2-1469-973f-ee53538aab17' bpDictSize=1 inDict=False mgr=True paused=False
19:10:35.027 OnNodeEnter entity=0 nodeId='20000006-0000-0000-0000-000000000004' bpDictSize=1 inDict=False mgr=True paused=False
19:10:35.028 OnNodeEnter entity=0 nodeId='976ef338-34f2-1469-973f-ee53538aab17' bpDictSize=1 inDict=False mgr=True paused=False
19:10:36.061 OnNodeEnter entity=0 nodeId='20000006-0000-0000-0000-000000000004' bpDictSize=1 inDict=False mgr=True paused=False
19:10:36.062 OnNodeEnter entity=0 nodeId='976ef338-34f2-1469-973f-ee53538aab17' bpDictSize=1 inDict=False mgr=True paused=False
19:10:37.089 OnNodeEnter entity=0 nodeId='20000006-0000-0000-0000-000000000004' bpDictSize=1 inDict=False mgr=True paused=False
19:10:37.090 OnNodeEnter entity=0 nodeId='976ef338-34f2-1469-973f-ee53538aab17' bpDictSize=1 inDict=False mgr=True paused=False
19:10:38.110 OnNodeEnter entity=0 nodeId='20000006-0000-0000-0000-000000000004' bpDictSize=1 inDict=False mgr=True paused=False
19:10:38.112 OnNodeEnter entity=0 nodeId='976ef338-34f2-1469-973f-ee53538aab17' bpDictSize=1 inDict=False mgr=True paused=False
19:10:39.140 OnNodeEnter entity=0 nodeId='20000006-0000-0000-0000-000000000004' bpDictSize=1 inDict=False mgr=True paused=False
19:19:18.135 SetBreakpoint nodeIdStr='20000006-0000-0000-0000-000000000003' assetId=47fe9c55-c6ca-4c69-9c5a-d46de25745de <NO DEBUG MAP REGISTERED> bpCount=2 mgr=True
19:19:19.521 SetBreakpoint nodeIdStr='0b561966-b00b-4c84-a1a0-87042220ba9f' assetId=47fe9c55-c6ca-4c69-9c5a-d46de25745de <NO DEBUG MAP REGISTERED> bpCount=3 mgr=True
19:19:43.890 OnNodeEnter entity=0 nodeId='20000006-0000-0000-0000-000000000004' bpDictSize=2 inDict=False mgr=True paused=False
19:19:43.892 OnNodeEnter entity=0 nodeId='976ef338-34f2-1469-973f-ee53538aab17' bpDictSize=2 inDict=False mgr=True paused=False
19:19:44.919 OnNodeEnter entity=0 nodeId='20000006-0000-0000-0000-000000000004' bpDictSize=2 inDict=False mgr=True paused=False
19:19:44.920 OnNodeEnter entity=0 nodeId='976ef338-34f2-1469-973f-ee53538aab17' bpDictSize=2 inDict=False mgr=True paused=False
19:19:45.941 OnNodeEnter entity=0 nodeId='20000006-0000-0000-0000-000000000004' bpDictSize=2 inDict=False mgr=True paused=False
19:19:45.942 OnNodeEnter entity=0 nodeId='976ef338-34f2-1469-973f-ee53538aab17' bpDictSize=2 inDict=False mgr=True paused=False
19:19:46.965 OnNodeEnter entity=0 nodeId='20000006-0000-0000-0000-000000000004' bpDictSize=2 inDict=False mgr=True paused=False
19:19:46.967 OnNodeEnter entity=0 nodeId='976ef338-34f2-1469-973f-ee53538aab17' bpDictSize=2 inDict=False mgr=True paused=False
19:19:47.985 OnNodeEnter entity=0 nodeId='20000006-0000-0000-0000-000000000004' bpDictSize=2 inDict=False mgr=True paused=False
19:19:47.986 OnNodeEnter entity=0 nodeId='976ef338-34f2-1469-973f-ee53538aab17' bpDictSize=2 inDict=False mgr=True paused=False
19:19:49.008 OnNodeEnter entity=0 nodeId='20000006-0000-0000-0000-000000000004' bpDictSize=2 inDict=False mgr=True paused=False
19:19:49.009 OnNodeEnter entity=0 nodeId='976ef338-34f2-1469-973f-ee53538aab17' bpDictSize=2 inDict=False mgr=True paused=False
19:19:50.040 OnNodeEnter entity=0 nodeId='20000006-0000-0000-0000-000000000004' bpDictSize=2 inDict=False mgr=True paused=False
19:19:50.041 OnNodeEnter entity=0 nodeId='976ef338-34f2-1469-973f-ee53538aab17' bpDictSize=2 inDict=False mgr=True paused=False
19:30:20.769 SetBreakpoint nodeIdStr='da9a9c0b-25f8-4a81-9a52-75c715456f18' resolved=<NOT-IN-MAP / not probe-eligible> bpCount=2 mgr=True
19:30:20.771   probe-eligible nodes in asset: 20000006-0000-0000-0000-000000000004='', 0ec3b253-3c5a-1024-a7bb-bf767fb3130c='', 20000006-0000-0000-0000-000000000003='', 20000006-0000-0000-0000-000000000002='', 976ef338-34f2-1469-973f-ee53538aab17=''
19:30:26.707 SetBreakpoint nodeIdStr='0b561966-b00b-4c84-a1a0-87042220ba9f' resolved=<NOT-IN-MAP / not probe-eligible> bpCount=3 mgr=True
19:30:26.708   probe-eligible nodes in asset: 20000006-0000-0000-0000-000000000004='', 0ec3b253-3c5a-1024-a7bb-bf767fb3130c='', 20000006-0000-0000-0000-000000000003='', 20000006-0000-0000-0000-000000000002='', 976ef338-34f2-1469-973f-ee53538aab17=''
19:30:34.004 OnNodeEnter entity=0 nodeId='20000006-0000-0000-0000-000000000004' bpDictSize=2 inDict=False mgr=True paused=False
19:30:34.006 OnNodeEnter entity=0 nodeId='976ef338-34f2-1469-973f-ee53538aab17' bpDictSize=2 inDict=False mgr=True paused=False
19:30:35.024 OnNodeEnter entity=0 nodeId='20000006-0000-0000-0000-000000000004' bpDictSize=2 inDict=False mgr=True paused=False
19:30:35.025 OnNodeEnter entity=0 nodeId='976ef338-34f2-1469-973f-ee53538aab17' bpDictSize=2 inDict=False mgr=True paused=False
19:30:36.048 OnNodeEnter entity=0 nodeId='20000006-0000-0000-0000-000000000004' bpDictSize=2 inDict=False mgr=True paused=False
19:30:36.050 OnNodeEnter entity=0 nodeId='976ef338-34f2-1469-973f-ee53538aab17' bpDictSize=2 inDict=False mgr=True paused=False
19:30:37.073 OnNodeEnter entity=0 nodeId='20000006-0000-0000-0000-000000000004' bpDictSize=2 inDict=False mgr=True paused=False
19:30:37.074 OnNodeEnter entity=0 nodeId='976ef338-34f2-1469-973f-ee53538aab17' bpDictSize=2 inDict=False mgr=True paused=False
19:30:38.104 OnNodeEnter entity=0 nodeId='20000006-0000-0000-0000-000000000004' bpDictSize=2 inDict=False mgr=True paused=False
19:30:38.105 OnNodeEnter entity=0 nodeId='976ef338-34f2-1469-973f-ee53538aab17' bpDictSize=2 inDict=False mgr=True paused=False
19:30:39.136 OnNodeEnter entity=0 nodeId='20000006-0000-0000-0000-000000000004' bpDictSize=2 inDict=False mgr=True paused=False
19:30:39.138 OnNodeEnter entity=0 nodeId='976ef338-34f2-1469-973f-ee53538aab17' bpDictSize=2 inDict=False mgr=True paused=False
22:05:50.417 SetBreakpoint nodeIdStr='cccccccc-cccc-cccc-cccc-cccccccccccc' assetId=aaaaaaaa-aaaa-aaaa-aaaa-aaaaaaaaaaaa <NO DEBUG MAP REGISTERED> bpCount=2 mgr=False
22:05:50.432 OnNodeEnter entity=1 nodeId='cccccccc-cccc-cccc-cccc-cccccccccccc' bpDictSize=1 inDict=True mgr=False paused=False
22:05:50.449 BREAKPOINT HIT! nodeId='cccccccc-cccc-cccc-cccc-cccccccccccc' entity=1
22:05:50.457 SetBreakpoint nodeIdStr='cccccccc-cccc-cccc-cccc-cccccccccccc' assetId=aaaaaaaa-aaaa-aaaa-aaaa-aaaaaaaaaaaa <NO DEBUG MAP REGISTERED> bpCount=2 mgr=False
22:05:50.459 SetBreakpoint nodeIdStr='dddddddd-dddd-dddd-dddd-dddddddddddd' assetId=aaaaaaaa-aaaa-aaaa-aaaa-aaaaaaaaaaaa <NO DEBUG MAP REGISTERED> bpCount=3 mgr=False
22:05:50.474 SetBreakpoint nodeIdStr='cccccccc-cccc-cccc-cccc-cccccccccccc' assetId=aaaaaaaa-aaaa-aaaa-aaaa-aaaaaaaaaaaa <NO DEBUG MAP REGISTERED> bpCount=2 mgr=False
22:05:50.477 OnNodeEnter entity=1 nodeId='node-001' bpDictSize=0 inDict=False mgr=False paused=False
22:05:50.479 OnNodeEnter entity=1 nodeId='node-002' bpDictSize=0 inDict=False mgr=False paused=False
22:05:50.482 OnNodeEnter entity=1 nodeId='node-003' bpDictSize=0 inDict=False mgr=False paused=False
22:05:50.485 OnNodeEnter entity=1 nodeId='node-004' bpDictSize=0 inDict=False mgr=False paused=False
22:05:50.488 OnNodeEnter entity=1 nodeId='node-005' bpDictSize=0 inDict=False mgr=False paused=False
22:05:50.490 OnNodeEnter entity=1 nodeId='node-006' bpDictSize=0 inDict=False mgr=False paused=False
22:05:50.494 OnNodeEnter entity=1 nodeId='node-007' bpDictSize=0 inDict=False mgr=False paused=False
22:05:50.496 OnNodeEnter entity=1 nodeId='node-008' bpDictSize=0 inDict=False mgr=False paused=False
22:05:50.501 OnNodeEnter entity=1 nodeId='node-009' bpDictSize=0 inDict=False mgr=False paused=False
22:05:50.503 OnNodeEnter entity=1 nodeId='node-010' bpDictSize=0 inDict=False mgr=False paused=False
22:05:50.505 OnNodeEnter entity=1 nodeId='node-011' bpDictSize=0 inDict=False mgr=False paused=False
22:05:50.507 OnNodeEnter entity=1 nodeId='node-012' bpDictSize=0 inDict=False mgr=False paused=False
22:05:50.509 OnNodeEnter entity=1 nodeId='node-013' bpDictSize=0 inDict=False mgr=False paused=False
22:05:50.510 SetBreakpoint nodeIdStr='cccccccc-cccc-cccc-cccc-cccccccccccc' assetId=aaaaaaaa-aaaa-aaaa-aaaa-aaaaaaaaaaaa <NO DEBUG MAP REGISTERED> bpCount=2 mgr=False
22:05:50.513 OnNodeEnter entity=1 nodeId='a' bpDictSize=0 inDict=False mgr=False paused=False
22:05:50.515 SetBreakpoint nodeIdStr='cccccccc-cccc-cccc-cccc-cccccccccccc' assetId=aaaaaaaa-aaaa-aaaa-aaaa-aaaaaaaaaaaa <NO DEBUG MAP REGISTERED> bpCount=2 mgr=False
22:05:50.517 OnNodeEnter entity=1 nodeId='node-a' bpDictSize=0 inDict=False mgr=False paused=False
22:05:50.519 OnNodeEnter entity=1 nodeId='node-a' bpDictSize=0 inDict=False mgr=False paused=False
22:05:50.521 SetBreakpoint nodeIdStr='cccccccc-cccc-cccc-cccc-cccccccccccc' resolved='' kind= bpCount=2 mgr=False
22:05:50.523 OnNodeEnter entity=1 nodeId='some-node-id' bpDictSize=0 inDict=False mgr=False paused=False
22:05:50.538 OnNodeEnter entity=1 nodeId='node-1' bpDictSize=0 inDict=False mgr=False paused=False
22:05:50.549 SetBreakpoint nodeIdStr='cccccccc-cccc-cccc-cccc-cccccccccccc' assetId=aaaaaaaa-aaaa-aaaa-aaaa-aaaaaaaaaaaa <NO DEBUG MAP REGISTERED> bpCount=2 mgr=False
22:05:50.556 OnNodeEnter entity=1 nodeId='cccccccc-cccc-cccc-cccc-cccccccccccc' bpDictSize=1 inDict=True mgr=False paused=False
22:05:50.558 BREAKPOINT HIT! nodeId='cccccccc-cccc-cccc-cccc-cccccccccccc' entity=1
22:05:50.561 OnNodeEnter entity=1 nodeId='still-deep-node' bpDictSize=1 inDict=False mgr=False paused=False
22:05:50.564 OnNodeEnter entity=1 nodeId='shallow-node' bpDictSize=1 inDict=False mgr=False paused=False
22:05:50.572 BREAKPOINT HIT! nodeId='shallow-node' entity=1
22:05:50.575 SetBreakpoint nodeIdStr='cccccccc-cccc-cccc-cccc-cccccccccccc' assetId=aaaaaaaa-aaaa-aaaa-aaaa-aaaaaaaaaaaa <NO DEBUG MAP REGISTERED> bpCount=2 mgr=False
22:05:50.577 OnNodeEnter entity=1 nodeId='cccccccc-cccc-cccc-cccc-cccccccccccc' bpDictSize=1 inDict=True mgr=False paused=False
22:05:50.579 BREAKPOINT HIT! nodeId='cccccccc-cccc-cccc-cccc-cccccccccccc' entity=1
22:05:50.582 OnNodeEnter entity=1 nodeId='any-node' bpDictSize=1 inDict=False mgr=False paused=False
22:05:50.583 BREAKPOINT HIT! nodeId='any-node' entity=1
22:05:50.589 SetBreakpoint nodeIdStr='cccccccc-cccc-cccc-cccc-cccccccccccc' assetId=aaaaaaaa-aaaa-aaaa-aaaa-aaaaaaaaaaaa <NO DEBUG MAP REGISTERED> bpCount=2 mgr=False
22:05:50.591 OnNodeEnter entity=1 nodeId='cccccccc-cccc-cccc-cccc-cccccccccccc' bpDictSize=1 inDict=True mgr=False paused=False
22:05:50.598 BREAKPOINT HIT! nodeId='cccccccc-cccc-cccc-cccc-cccccccccccc' entity=1
22:05:50.601 SetBreakpoint nodeIdStr='cccccccc-cccc-cccc-cccc-cccccccccccc' assetId=aaaaaaaa-aaaa-aaaa-aaaa-aaaaaaaaaaaa <NO DEBUG MAP REGISTERED> bpCount=2 mgr=False
22:05:50.603 OnNodeEnter entity=1 nodeId='cccccccc-cccc-cccc-cccc-cccccccccccc' bpDictSize=1 inDict=True mgr=False paused=False
22:05:50.606 BREAKPOINT HIT! nodeId='cccccccc-cccc-cccc-cccc-cccccccccccc' entity=1
22:05:50.615 OnNodeEnter entity=1 nodeId='next-node' bpDictSize=1 inDict=False mgr=False paused=False
22:05:50.617 BREAKPOINT HIT! nodeId='next-node' entity=1
22:05:50.624 OnNodeEnter entity=1 nodeId='node-a' bpDictSize=0 inDict=False mgr=False paused=False
22:05:50.641 OnNodeEnter entity=2 nodeId='node-b' bpDictSize=0 inDict=False mgr=False paused=False
22:05:50.644 OnNodeEnter entity=1 nodeId='node-c' bpDictSize=0 inDict=False mgr=False paused=False
22:05:50.746 SetBreakpoint nodeIdStr='cccccccc-cccc-cccc-cccc-cccccccccccc' assetId=aaaaaaaa-aaaa-aaaa-aaaa-aaaaaaaaaaaa <NO DEBUG MAP REGISTERED> bpCount=2 mgr=False
22:05:50.757 OnNodeEnter entity=1 nodeId='cccccccc-cccc-cccc-cccc-cccccccccccc' bpDictSize=1 inDict=True mgr=False paused=False
22:05:50.760 BREAKPOINT HIT! nodeId='cccccccc-cccc-cccc-cccc-cccccccccccc' entity=1
22:05:50.767 SetBreakpoint nodeIdStr='cccccccc-cccc-cccc-cccc-cccccccccccc' assetId=aaaaaaaa-aaaa-aaaa-aaaa-aaaaaaaaaaaa <NO DEBUG MAP REGISTERED> bpCount=2 mgr=False
22:05:50.770 SetBreakpoint nodeIdStr='cccccccc-cccc-cccc-cccc-cccccccccccc' assetId=aaaaaaaa-aaaa-aaaa-aaaa-aaaaaaaaaaaa <NO DEBUG MAP REGISTERED> bpCount=2 mgr=False
22:05:50.772 OnNodeEnter entity=1 nodeId='cccccccc-cccc-cccc-cccc-cccccccccccc' bpDictSize=1 inDict=True mgr=False paused=False
22:05:50.776 BREAKPOINT HIT! nodeId='cccccccc-cccc-cccc-cccc-cccccccccccc' entity=1
22:05:50.784 SetBreakpoint nodeIdStr='cccccccc-cccc-cccc-cccc-cccccccccccc' assetId=aaaaaaaa-aaaa-aaaa-aaaa-aaaaaaaaaaaa <NO DEBUG MAP REGISTERED> bpCount=2 mgr=False
22:05:50.800 SetBreakpoint nodeIdStr='cccccccc-cccc-cccc-cccc-cccccccccccc' assetId=aaaaaaaa-aaaa-aaaa-aaaa-aaaaaaaaaaaa <NO DEBUG MAP REGISTERED> bpCount=2 mgr=False
22:05:50.803 SetBreakpoint nodeIdStr='cccccccc-cccc-cccc-cccc-cccccccccccc' resolved=<NOT-IN-MAP / not probe-eligible> bpCount=2 mgr=False
22:05:50.805   probe-eligible nodes in asset: 
22:05:50.808 SetBreakpoint nodeIdStr='cccccccc-cccc-cccc-cccc-cccccccccccc' assetId=aaaaaaaa-aaaa-aaaa-aaaa-aaaaaaaaaaaa <NO DEBUG MAP REGISTERED> bpCount=2 mgr=False
22:05:50.810 OnNodeEnter entity=1 nodeId='cccccccc-cccc-cccc-cccc-cccccccccccc' bpDictSize=1 inDict=True mgr=False paused=False
22:05:50.833 BREAKPOINT HIT! nodeId='cccccccc-cccc-cccc-cccc-cccccccccccc' entity=1
22:05:50.855 SetBreakpoint nodeIdStr='cccccccc-cccc-cccc-cccc-cccccccccccc' resolved=<NOT-IN-MAP / not probe-eligible> bpCount=2 mgr=False
22:05:50.858   probe-eligible nodes in asset: 
22:05:50.861 OnNodeEnter entity=1 nodeId='cccccccc-cccc-cccc-cccc-cccccccccccc' bpDictSize=1 inDict=True mgr=False paused=False
22:05:50.864 BREAKPOINT HIT! nodeId='cccccccc-cccc-cccc-cccc-cccccccccccc' entity=1
22:05:50.865 SetBreakpoint nodeIdStr='cccccccc-cccc-cccc-cccc-cccccccccccc' assetId=aaaaaaaa-aaaa-aaaa-aaaa-aaaaaaaaaaaa <NO DEBUG MAP REGISTERED> bpCount=2 mgr=False
22:05:50.867 OnNodeEnter entity=1 nodeId='cccccccc-cccc-cccc-cccc-cccccccccccc' bpDictSize=1 inDict=True mgr=False paused=False
22:05:50.868 BREAKPOINT HIT! nodeId='cccccccc-cccc-cccc-cccc-cccccccccccc' entity=1
22:05:50.870 SetBreakpoint nodeIdStr='cccccccc-cccc-cccc-cccc-cccccccccccc' assetId=aaaaaaaa-aaaa-aaaa-aaaa-aaaaaaaaaaaa <NO DEBUG MAP REGISTERED> bpCount=2 mgr=False
22:05:50.871 OnNodeEnter entity=1 nodeId='cccccccc-cccc-cccc-cccc-cccccccccccc' bpDictSize=1 inDict=True mgr=False paused=False
22:05:50.872 BREAKPOINT HIT! nodeId='cccccccc-cccc-cccc-cccc-cccccccccccc' entity=1
22:05:50.873 SetBreakpoint nodeIdStr='cccccccc-cccc-cccc-cccc-cccccccccccc' resolved=<NOT-IN-MAP / not probe-eligible> bpCount=2 mgr=False
22:05:50.874   probe-eligible nodes in asset: 
22:05:50.875 OnNodeEnter entity=1 nodeId='cccccccc-cccc-cccc-cccc-cccccccccccc' bpDictSize=1 inDict=True mgr=False paused=False
22:05:50.876 BREAKPOINT HIT! nodeId='cccccccc-cccc-cccc-cccc-cccccccccccc' entity=1
22:06:18.631 OnNodeEnter entity=1 nodeId='other-node' bpDictSize=0 inDict=False mgr=False paused=False
22:06:18.633 SetBreakpoint nodeIdStr='aaaaaaaa-aaaa-aaaa-aaaa-aaaaaaaaaaaa' assetId=00000000-0000-0000-0000-000000000000 <NO DEBUG MAP REGISTERED> bpCount=2 mgr=False
22:06:18.634 OnNodeEnter entity=1 nodeId='aaaaaaaa-aaaa-aaaa-aaaa-aaaaaaaaaaaa' bpDictSize=1 inDict=True mgr=False paused=False
22:06:18.635 BREAKPOINT HIT! nodeId='aaaaaaaa-aaaa-aaaa-aaaa-aaaaaaaaaaaa' entity=1
22:06:18.636 SetBreakpoint nodeIdStr='a12d8cad-1c4c-4530-9bde-c909afda4cf4' assetId=41f7dcef-b097-41a1-8510-7d8e3319ccb4 <NO DEBUG MAP REGISTERED> bpCount=2 mgr=False
22:06:18.738 SetBreakpoint nodeIdStr='89b879b7-3d3e-a106-ca1c-532bf01c03f7' assetId=75c77dfb-3991-fad3-3049-61217a8d75fb <NO DEBUG MAP REGISTERED> bpCount=2 mgr=False
22:06:18.820 OnNodeEnter entity=0 nodeId='89b879b7-3d3e-a106-ca1c-532bf01c03f7' bpDictSize=1 inDict=True mgr=False paused=False
22:06:18.821 BREAKPOINT HIT! nodeId='89b879b7-3d3e-a106-ca1c-532bf01c03f7' entity=0
22:06:18.825 OnNodeEnter entity=0 nodeId='89b879b7-3d3e-a106-ca1c-532bf01c03f7' bpDictSize=1 inDict=True mgr=False paused=False
22:06:18.826 BREAKPOINT HIT! nodeId='89b879b7-3d3e-a106-ca1c-532bf01c03f7' entity=0
22:06:26.968 SetBreakpoint nodeIdStr='cccccccc-cccc-cccc-cccc-cccccccccccc' assetId=aaaaaaaa-aaaa-aaaa-aaaa-aaaaaaaaaaaa <NO DEBUG MAP REGISTERED> bpCount=2 mgr=False
22:06:26.972 SetBreakpoint nodeIdStr='cccccccc-cccc-cccc-cccc-cccccccccccc' assetId=aaaaaaaa-aaaa-aaaa-aaaa-aaaaaaaaaaaa <NO DEBUG MAP REGISTERED> bpCount=2 mgr=False
22:06:26.973 OnNodeEnter entity=1 nodeId='cccccccc-cccc-cccc-cccc-cccccccccccc' bpDictSize=1 inDict=True mgr=False paused=False
22:06:26.977 BREAKPOINT HIT! nodeId='cccccccc-cccc-cccc-cccc-cccccccccccc' entity=1
22:06:26.984 OnNodeEnter entity=1 nodeId='still-deep-node' bpDictSize=1 inDict=False mgr=False paused=False
22:06:26.987 OnNodeEnter entity=1 nodeId='shallow-node' bpDictSize=1 inDict=False mgr=False paused=False
22:06:26.988 BREAKPOINT HIT! nodeId='shallow-node' entity=1
22:06:26.989 SetBreakpoint nodeIdStr='cccccccc-cccc-cccc-cccc-cccccccccccc' assetId=aaaaaaaa-aaaa-aaaa-aaaa-aaaaaaaaaaaa <NO DEBUG MAP REGISTERED> bpCount=2 mgr=False
22:06:26.991 OnNodeEnter entity=1 nodeId='cccccccc-cccc-cccc-cccc-cccccccccccc' bpDictSize=1 inDict=True mgr=False paused=False
22:06:26.992 BREAKPOINT HIT! nodeId='cccccccc-cccc-cccc-cccc-cccccccccccc' entity=1
22:06:27.000 SetBreakpoint nodeIdStr='cccccccc-cccc-cccc-cccc-cccccccccccc' assetId=aaaaaaaa-aaaa-aaaa-aaaa-aaaaaaaaaaaa <NO DEBUG MAP REGISTERED> bpCount=2 mgr=False
22:06:27.013 SetBreakpoint nodeIdStr='cccccccc-cccc-cccc-cccc-cccccccccccc' assetId=aaaaaaaa-aaaa-aaaa-aaaa-aaaaaaaaaaaa <NO DEBUG MAP REGISTERED> bpCount=2 mgr=False
22:06:27.014 OnNodeEnter entity=1 nodeId='cccccccc-cccc-cccc-cccc-cccccccccccc' bpDictSize=1 inDict=True mgr=False paused=False
22:06:27.016 BREAKPOINT HIT! nodeId='cccccccc-cccc-cccc-cccc-cccccccccccc' entity=1
22:06:27.017 SetBreakpoint nodeIdStr='cccccccc-cccc-cccc-cccc-cccccccccccc' assetId=aaaaaaaa-aaaa-aaaa-aaaa-aaaaaaaaaaaa <NO DEBUG MAP REGISTERED> bpCount=2 mgr=False
22:06:27.018 SetBreakpoint nodeIdStr='dddddddd-dddd-dddd-dddd-dddddddddddd' assetId=aaaaaaaa-aaaa-aaaa-aaaa-aaaaaaaaaaaa <NO DEBUG MAP REGISTERED> bpCount=3 mgr=False
22:06:27.020 SetBreakpoint nodeIdStr='cccccccc-cccc-cccc-cccc-cccccccccccc' assetId=aaaaaaaa-aaaa-aaaa-aaaa-aaaaaaaaaaaa <NO DEBUG MAP REGISTERED> bpCount=2 mgr=False
22:06:27.033 SetBreakpoint nodeIdStr='cccccccc-cccc-cccc-cccc-cccccccccccc' assetId=aaaaaaaa-aaaa-aaaa-aaaa-aaaaaaaaaaaa <NO DEBUG MAP REGISTERED> bpCount=2 mgr=False
22:06:27.035 OnNodeEnter entity=1 nodeId='cccccccc-cccc-cccc-cccc-cccccccccccc' bpDictSize=1 inDict=True mgr=False paused=False
22:06:27.036 BREAKPOINT HIT! nodeId='cccccccc-cccc-cccc-cccc-cccccccccccc' entity=1
22:06:27.037 SetBreakpoint nodeIdStr='cccccccc-cccc-cccc-cccc-cccccccccccc' assetId=aaaaaaaa-aaaa-aaaa-aaaa-aaaaaaaaaaaa <NO DEBUG MAP REGISTERED> bpCount=2 mgr=False
22:06:27.038 OnNodeEnter entity=1 nodeId='cccccccc-cccc-cccc-cccc-cccccccccccc' bpDictSize=1 inDict=True mgr=False paused=False
22:06:27.039 BREAKPOINT HIT! nodeId='cccccccc-cccc-cccc-cccc-cccccccccccc' entity=1
22:06:27.040 OnNodeEnter entity=2 nodeId='cccccccc-cccc-cccc-cccc-cccccccccccc' bpDictSize=1 inDict=True mgr=False paused=True
22:06:27.044 SetBreakpoint nodeIdStr='cccccccc-cccc-cccc-cccc-cccccccccccc' resolved='' kind= bpCount=2 mgr=False
22:06:27.046   probe-eligible nodes in asset: cccccccc-cccc-cccc-cccc-cccccccccccc=''
22:06:27.230 OnNodeEnter entity=1 nodeId='node-a' bpDictSize=0 inDict=False mgr=False paused=False
22:06:27.232 OnNodeEnter entity=2 nodeId='node-b' bpDictSize=0 inDict=False mgr=False paused=False
22:06:27.239 OnNodeEnter entity=1 nodeId='node-c' bpDictSize=0 inDict=False mgr=False paused=False
22:06:27.250 SetBreakpoint nodeIdStr='cccccccc-cccc-cccc-cccc-cccccccccccc' assetId=aaaaaaaa-aaaa-aaaa-aaaa-aaaaaaaaaaaa <NO DEBUG MAP REGISTERED> bpCount=2 mgr=False
22:06:27.251 OnNodeEnter entity=1 nodeId='cccccccc-cccc-cccc-cccc-cccccccccccc' bpDictSize=1 inDict=True mgr=False paused=False
22:06:27.252 BREAKPOINT HIT! nodeId='cccccccc-cccc-cccc-cccc-cccccccccccc' entity=1
22:06:27.261 OnNodeEnter entity=2 nodeId='cccccccc-cccc-cccc-cccc-cccccccccccc' bpDictSize=1 inDict=True mgr=False paused=True
22:06:27.262 OnNodeEnter entity=1 nodeId='cccccccc-cccc-cccc-cccc-cccccccccccc' bpDictSize=1 inDict=True mgr=False paused=False
22:06:27.263 BREAKPOINT HIT! nodeId='cccccccc-cccc-cccc-cccc-cccccccccccc' entity=1
22:06:27.266 SetBreakpoint nodeIdStr='cccccccc-cccc-cccc-cccc-cccccccccccc' resolved=<NOT-IN-MAP / not probe-eligible> bpCount=2 mgr=False
22:06:27.267   probe-eligible nodes in asset: 
22:06:27.268 SetBreakpoint nodeIdStr='cccccccc-cccc-cccc-cccc-cccccccccccc' resolved=<NOT-IN-MAP / not probe-eligible> bpCount=2 mgr=False
22:06:27.270   probe-eligible nodes in asset: 
22:06:27.271 SetBreakpoint nodeIdStr='dddddddd-dddd-dddd-dddd-dddddddddddd' resolved=<NOT-IN-MAP / not probe-eligible> bpCount=3 mgr=False
22:06:27.272   probe-eligible nodes in asset: 
22:06:27.273 SetBreakpoint nodeIdStr='cccccccc-cccc-cccc-cccc-cccccccccccc' assetId=aaaaaaaa-aaaa-aaaa-aaaa-aaaaaaaaaaaa <NO DEBUG MAP REGISTERED> bpCount=2 mgr=False
22:06:27.275 SetBreakpoint nodeIdStr='cccccccc-cccc-cccc-cccc-cccccccccccc' resolved=<NOT-IN-MAP / not probe-eligible> bpCount=2 mgr=False
22:06:27.276   probe-eligible nodes in asset: 
22:06:27.289 OnNodeEnter entity=1 nodeId='node-001' bpDictSize=0 inDict=False mgr=False paused=False
22:06:27.291 OnNodeEnter entity=1 nodeId='node-002' bpDictSize=0 inDict=False mgr=False paused=False
22:06:27.292 OnNodeEnter entity=1 nodeId='node-003' bpDictSize=0 inDict=False mgr=False paused=False
22:06:27.293 OnNodeEnter entity=1 nodeId='node-004' bpDictSize=0 inDict=False mgr=False paused=False
22:06:27.294 OnNodeEnter entity=1 nodeId='node-005' bpDictSize=0 inDict=False mgr=False paused=False
22:06:27.295 OnNodeEnter entity=1 nodeId='node-006' bpDictSize=0 inDict=False mgr=False paused=False
22:06:27.296 OnNodeEnter entity=1 nodeId='node-007' bpDictSize=0 inDict=False mgr=False paused=False
22:06:27.297 OnNodeEnter entity=1 nodeId='node-008' bpDictSize=0 inDict=False mgr=False paused=False
22:06:27.299 OnNodeEnter entity=1 nodeId='node-009' bpDictSize=0 inDict=False mgr=False paused=False
22:06:27.300 OnNodeEnter entity=1 nodeId='node-010' bpDictSize=0 inDict=False mgr=False paused=False
22:06:27.301 OnNodeEnter entity=1 nodeId='node-011' bpDictSize=0 inDict=False mgr=False paused=False
22:06:27.302 OnNodeEnter entity=1 nodeId='node-012' bpDictSize=0 inDict=False mgr=False paused=False
22:06:27.340 OnNodeEnter entity=1 nodeId='node-013' bpDictSize=0 inDict=False mgr=False paused=False
22:06:27.341 SetBreakpoint nodeIdStr='cccccccc-cccc-cccc-cccc-cccccccccccc' assetId=aaaaaaaa-aaaa-aaaa-aaaa-aaaaaaaaaaaa <NO DEBUG MAP REGISTERED> bpCount=2 mgr=False
22:06:27.384 OnNodeEnter entity=1 nodeId='cccccccc-cccc-cccc-cccc-cccccccccccc' bpDictSize=1 inDict=True mgr=False paused=False
22:06:27.384 OnNodeEnter entity=1 nodeId='entry-0' bpDictSize=0 inDict=False mgr=False paused=False
22:06:27.387 SetBreakpoint nodeIdStr='cccccccc-cccc-cccc-cccc-cccccccccccc' resolved=<NOT-IN-MAP / not probe-eligible> bpCount=2 mgr=False
22:06:27.389   probe-eligible nodes in asset: 
22:06:27.391 OnNodeEnter entity=1 nodeId='cccccccc-cccc-cccc-cccc-cccccccccccc' bpDictSize=1 inDict=True mgr=False paused=False
22:06:27.391 BREAKPOINT HIT! nodeId='cccccccc-cccc-cccc-cccc-cccccccccccc' entity=1
22:06:27.393 OnNodeEnter entity=1 nodeId='node-1' bpDictSize=0 inDict=False mgr=False paused=False
22:06:27.400 SetBreakpoint nodeIdStr='f8cf0bd8-6688-426d-b6e5-5876704f0ee5' resolved=<NOT-IN-MAP / not probe-eligible> bpCount=2 mgr=False
22:06:27.401   probe-eligible nodes in asset: 
22:06:27.403 OnNodeEnter entity=1 nodeId='f8cf0bd8-6688-426d-b6e5-5876704f0ee5' bpDictSize=1 inDict=True mgr=False paused=False
22:06:27.415 BREAKPOINT HIT! nodeId='f8cf0bd8-6688-426d-b6e5-5876704f0ee5' entity=1
22:06:54.815 OnNodeEnter entity=1 nodeId='other-node' bpDictSize=0 inDict=False mgr=False paused=False
22:06:54.817 SetBreakpoint nodeIdStr='aaaaaaaa-aaaa-aaaa-aaaa-aaaaaaaaaaaa' assetId=00000000-0000-0000-0000-000000000000 <NO DEBUG MAP REGISTERED> bpCount=2 mgr=False
22:06:54.818 OnNodeEnter entity=1 nodeId='aaaaaaaa-aaaa-aaaa-aaaa-aaaaaaaaaaaa' bpDictSize=1 inDict=True mgr=False paused=False
22:06:54.819 BREAKPOINT HIT! nodeId='aaaaaaaa-aaaa-aaaa-aaaa-aaaaaaaaaaaa' entity=1
22:06:54.820 SetBreakpoint nodeIdStr='c42bb1ab-487b-4f4d-b36a-30d27bb54dec' assetId=3494aca8-c90f-4f6c-bf38-b67be532309f <NO DEBUG MAP REGISTERED> bpCount=2 mgr=False
22:06:54.935 SetBreakpoint nodeIdStr='89b879b7-3d3e-a106-ca1c-532bf01c03f7' assetId=75c77dfb-3991-fad3-3049-61217a8d75fb <NO DEBUG MAP REGISTERED> bpCount=2 mgr=False
22:06:55.013 OnNodeEnter entity=0 nodeId='89b879b7-3d3e-a106-ca1c-532bf01c03f7' bpDictSize=1 inDict=True mgr=False paused=False
22:06:55.014 BREAKPOINT HIT! nodeId='89b879b7-3d3e-a106-ca1c-532bf01c03f7' entity=0
22:06:55.014 OnNodeEnter entity=0 nodeId='89b879b7-3d3e-a106-ca1c-532bf01c03f7' bpDictSize=1 inDict=True mgr=False paused=False
22:06:55.017 BREAKPOINT HIT! nodeId='89b879b7-3d3e-a106-ca1c-532bf01c03f7' entity=0
22:07:03.137 SetBreakpoint nodeIdStr='cccccccc-cccc-cccc-cccc-cccccccccccc' resolved=<NOT-IN-MAP / not probe-eligible> bpCount=2 mgr=False
22:07:03.140   probe-eligible nodes in asset: 
22:07:03.141 SetBreakpoint nodeIdStr='dddddddd-dddd-dddd-dddd-dddddddddddd' resolved=<NOT-IN-MAP / not probe-eligible> bpCount=3 mgr=False
22:07:03.142   probe-eligible nodes in asset: 
22:07:03.143 SetBreakpoint nodeIdStr='eeeeeeee-eeee-eeee-eeee-eeeeeeeeeeee' assetId=bbbbbbbb-bbbb-bbbb-bbbb-bbbbbbbbbbbb <NO DEBUG MAP REGISTERED> bpCount=4 mgr=False
22:07:03.234 SetBreakpoint nodeIdStr='0afad978-d9f4-42c6-83b9-15237b8b6601' resolved=<NOT-IN-MAP / not probe-eligible> bpCount=2 mgr=False
22:07:03.235   probe-eligible nodes in asset: 
22:07:03.246 OnNodeEnter entity=1 nodeId='0afad978-d9f4-42c6-83b9-15237b8b6601' bpDictSize=1 inDict=True mgr=False paused=False
22:07:03.278 BREAKPOINT HIT! nodeId='0afad978-d9f4-42c6-83b9-15237b8b6601' entity=1
22:07:03.288 SetBreakpoint nodeIdStr='cccccccc-cccc-cccc-cccc-cccccccccccc' assetId=aaaaaaaa-aaaa-aaaa-aaaa-aaaaaaaaaaaa <NO DEBUG MAP REGISTERED> bpCount=2 mgr=False
22:07:03.289 OnNodeEnter entity=1 nodeId='cccccccc-cccc-cccc-cccc-cccccccccccc' bpDictSize=1 inDict=True mgr=False paused=False
22:07:03.291 BREAKPOINT HIT! nodeId='cccccccc-cccc-cccc-cccc-cccccccccccc' entity=1
22:07:03.293 OnNodeEnter entity=1 nodeId='any-node' bpDictSize=1 inDict=False mgr=False paused=False
22:07:03.295 BREAKPOINT HIT! nodeId='any-node' entity=1
22:07:03.296 SetBreakpoint nodeIdStr='cccccccc-cccc-cccc-cccc-cccccccccccc' assetId=aaaaaaaa-aaaa-aaaa-aaaa-aaaaaaaaaaaa <NO DEBUG MAP REGISTERED> bpCount=2 mgr=False
22:07:03.297 OnNodeEnter entity=1 nodeId='cccccccc-cccc-cccc-cccc-cccccccccccc' bpDictSize=1 inDict=True mgr=False paused=False
22:07:03.305 BREAKPOINT HIT! nodeId='cccccccc-cccc-cccc-cccc-cccccccccccc' entity=1
22:07:03.307 SetBreakpoint nodeIdStr='cccccccc-cccc-cccc-cccc-cccccccccccc' assetId=aaaaaaaa-aaaa-aaaa-aaaa-aaaaaaaaaaaa <NO DEBUG MAP REGISTERED> bpCount=2 mgr=False
22:07:03.308 OnNodeEnter entity=1 nodeId='cccccccc-cccc-cccc-cccc-cccccccccccc' bpDictSize=1 inDict=True mgr=False paused=False
22:07:03.309 BREAKPOINT HIT! nodeId='cccccccc-cccc-cccc-cccc-cccccccccccc' entity=1
22:07:03.310 OnNodeEnter entity=1 nodeId='next-node' bpDictSize=1 inDict=False mgr=False paused=False
22:07:03.311 BREAKPOINT HIT! nodeId='next-node' entity=1
22:07:03.368 SetBreakpoint nodeIdStr='cccccccc-cccc-cccc-cccc-cccccccccccc' assetId=aaaaaaaa-aaaa-aaaa-aaaa-aaaaaaaaaaaa <NO DEBUG MAP REGISTERED> bpCount=2 mgr=False
22:07:03.369 OnNodeEnter entity=1 nodeId='cccccccc-cccc-cccc-cccc-cccccccccccc' bpDictSize=1 inDict=True mgr=False paused=False
22:07:03.370 BREAKPOINT HIT! nodeId='cccccccc-cccc-cccc-cccc-cccccccccccc' entity=1
22:07:03.400 SetBreakpoint nodeIdStr='cccccccc-cccc-cccc-cccc-cccccccccccc' assetId=aaaaaaaa-aaaa-aaaa-aaaa-aaaaaaaaaaaa <NO DEBUG MAP REGISTERED> bpCount=2 mgr=False
22:07:03.401 OnNodeEnter entity=1 nodeId='cccccccc-cccc-cccc-cccc-cccccccccccc' bpDictSize=1 inDict=True mgr=False paused=False
22:07:03.403 BREAKPOINT HIT! nodeId='cccccccc-cccc-cccc-cccc-cccccccccccc' entity=1
22:07:03.408 SetBreakpoint nodeIdStr='cccccccc-cccc-cccc-cccc-cccccccccccc' assetId=aaaaaaaa-aaaa-aaaa-aaaa-aaaaaaaaaaaa <NO DEBUG MAP REGISTERED> bpCount=2 mgr=False
22:07:03.409 SetBreakpoint nodeIdStr='dddddddd-dddd-dddd-dddd-dddddddddddd' assetId=aaaaaaaa-aaaa-aaaa-aaaa-aaaaaaaaaaaa <NO DEBUG MAP REGISTERED> bpCount=3 mgr=False
22:07:03.412 SetBreakpoint nodeIdStr='cccccccc-cccc-cccc-cccc-cccccccccccc' assetId=aaaaaaaa-aaaa-aaaa-aaaa-aaaaaaaaaaaa <NO DEBUG MAP REGISTERED> bpCount=2 mgr=False
22:07:03.414 OnNodeEnter entity=1 nodeId='cccccccc-cccc-cccc-cccc-cccccccccccc' bpDictSize=0 inDict=False mgr=False paused=False
22:07:03.415 SetBreakpoint nodeIdStr='cccccccc-cccc-cccc-cccc-cccccccccccc' assetId=aaaaaaaa-aaaa-aaaa-aaaa-aaaaaaaaaaaa <NO DEBUG MAP REGISTERED> bpCount=2 mgr=False
22:07:03.417 OnNodeEnter entity=1 nodeId='cccccccc-cccc-cccc-cccc-cccccccccccc' bpDictSize=1 inDict=True mgr=False paused=False
22:07:03.418 BREAKPOINT HIT! nodeId='cccccccc-cccc-cccc-cccc-cccccccccccc' entity=1
22:07:03.419 SetBreakpoint nodeIdStr='cccccccc-cccc-cccc-cccc-cccccccccccc' assetId=aaaaaaaa-aaaa-aaaa-aaaa-aaaaaaaaaaaa <NO DEBUG MAP REGISTERED> bpCount=2 mgr=False
22:07:03.420 OnNodeEnter entity=1 nodeId='cccccccc-cccc-cccc-cccc-cccccccccccc' bpDictSize=1 inDict=True mgr=False paused=False
22:07:03.421 SetBreakpoint nodeIdStr='cccccccc-cccc-cccc-cccc-cccccccccccc' resolved=<NOT-IN-MAP / not probe-eligible> bpCount=2 mgr=False
22:07:03.422 SetBreakpoint nodeIdStr='cccccccc-cccc-cccc-cccc-cccccccccccc' assetId=aaaaaaaa-aaaa-aaaa-aaaa-aaaaaaaaaaaa <NO DEBUG MAP REGISTERED> bpCount=2 mgr=False
22:07:03.445 OnNodeEnter entity=1 nodeId='cccccccc-cccc-cccc-cccc-cccccccccccc' bpDictSize=1 inDict=True mgr=False paused=False
22:07:03.447 BREAKPOINT HIT! nodeId='cccccccc-cccc-cccc-cccc-cccccccccccc' entity=1
22:07:03.447 OnNodeEnter entity=1 nodeId='node-001' bpDictSize=0 inDict=False mgr=False paused=False
22:07:03.461 OnNodeEnter entity=1 nodeId='node-002' bpDictSize=0 inDict=False mgr=False paused=False
22:07:03.463 OnNodeEnter entity=1 nodeId='node-003' bpDictSize=0 inDict=False mgr=False paused=False
22:07:03.464 OnNodeEnter entity=1 nodeId='node-004' bpDictSize=0 inDict=False mgr=False paused=False
22:07:03.465 SetBreakpoint nodeIdStr='cccccccc-cccc-cccc-cccc-cccccccccccc' resolved=<NOT-IN-MAP / not probe-eligible> bpCount=2 mgr=False
22:07:03.467 OnNodeEnter entity=1 nodeId='entry-0' bpDictSize=0 inDict=False mgr=False paused=False
22:07:03.468 SetBreakpoint nodeIdStr='cccccccc-cccc-cccc-cccc-cccccccccccc' assetId=aaaaaaaa-aaaa-aaaa-aaaa-aaaaaaaaaaaa <NO DEBUG MAP REGISTERED> bpCount=2 mgr=False
22:07:03.469 OnNodeEnter entity=1 nodeId='a' bpDictSize=0 inDict=False mgr=False paused=False
22:07:03.470 SetBreakpoint nodeIdStr='cccccccc-cccc-cccc-cccc-cccccccccccc' resolved=<NOT-IN-MAP / not probe-eligible> bpCount=2 mgr=False
22:07:03.472   probe-eligible nodes in asset: 
22:07:03.473 SetBreakpoint nodeIdStr='cccccccc-cccc-cccc-cccc-cccccccccccc' assetId=aaaaaaaa-aaaa-aaaa-aaaa-aaaaaaaaaaaa <NO DEBUG MAP REGISTERED> bpCount=2 mgr=False
22:07:03.474 OnNodeEnter entity=1 nodeId='some-node-id' bpDictSize=0 inDict=False mgr=False paused=False
22:07:03.475 SetBreakpoint nodeIdStr='cccccccc-cccc-cccc-cccc-cccccccccccc' assetId=aaaaaaaa-aaaa-aaaa-aaaa-aaaaaaaaaaaa <NO DEBUG MAP REGISTERED> bpCount=2 mgr=False
22:07:03.477 OnNodeEnter entity=1 nodeId='cccccccc-cccc-cccc-cccc-cccccccccccc' bpDictSize=1 inDict=True mgr=False paused=False
22:07:03.478 BREAKPOINT HIT! nodeId='cccccccc-cccc-cccc-cccc-cccccccccccc' entity=1
22:07:03.482 SetBreakpoint nodeIdStr='cccccccc-cccc-cccc-cccc-cccccccccccc' assetId=aaaaaaaa-aaaa-aaaa-aaaa-aaaaaaaaaaaa <NO DEBUG MAP REGISTERED> bpCount=2 mgr=False
22:07:03.500 SetBreakpoint nodeIdStr='cccccccc-cccc-cccc-cccc-cccccccccccc' assetId=aaaaaaaa-aaaa-aaaa-aaaa-aaaaaaaaaaaa <NO DEBUG MAP REGISTERED> bpCount=2 mgr=False
22:07:03.501 OnNodeEnter entity=1 nodeId='cccccccc-cccc-cccc-cccc-cccccccccccc' bpDictSize=1 inDict=True mgr=False paused=False
22:07:03.503 BREAKPOINT HIT! nodeId='cccccccc-cccc-cccc-cccc-cccccccccccc' entity=1
22:07:03.504 OnNodeEnter entity=1 nodeId='some-node' bpDictSize=1 inDict=False mgr=False paused=False
22:07:03.507 OnNodeEnter entity=1 nodeId='next-tick-node' bpDictSize=1 inDict=False mgr=False paused=False
22:07:03.508 BREAKPOINT HIT! nodeId='next-tick-node' entity=1
22:07:03.511 SetBreakpoint nodeIdStr='cccccccc-cccc-cccc-cccc-cccccccccccc' assetId=aaaaaaaa-aaaa-aaaa-aaaa-aaaaaaaaaaaa <NO DEBUG MAP REGISTERED> bpCount=2 mgr=False
22:07:03.512 OnNodeEnter entity=1 nodeId='cccccccc-cccc-cccc-cccc-cccccccccccc' bpDictSize=1 inDict=True mgr=False paused=False
22:07:03.514 BREAKPOINT HIT! nodeId='cccccccc-cccc-cccc-cccc-cccccccccccc' entity=1
22:07:03.515 OnNodeEnter entity=1 nodeId='ghost-node' bpDictSize=1 inDict=False mgr=False paused=False
22:07:03.548 SetBreakpoint nodeIdStr='cccccccc-cccc-cccc-cccc-cccccccccccc' assetId=aaaaaaaa-aaaa-aaaa-aaaa-aaaaaaaaaaaa <NO DEBUG MAP REGISTERED> bpCount=2 mgr=False
22:07:03.549 OnNodeEnter entity=1 nodeId='cccccccc-cccc-cccc-cccc-cccccccccccc' bpDictSize=1 inDict=True mgr=False paused=False
22:07:03.550 BREAKPOINT HIT! nodeId='cccccccc-cccc-cccc-cccc-cccccccccccc' entity=1
22:07:03.554 SetBreakpoint nodeIdStr='cccccccc-cccc-cccc-cccc-cccccccccccc' resolved=<NOT-IN-MAP / not probe-eligible> bpCount=2 mgr=False
22:07:03.556   probe-eligible nodes in asset: 
22:07:03.557 OnNodeEnter entity=1 nodeId='cccccccc-cccc-cccc-cccc-cccccccccccc' bpDictSize=1 inDict=True mgr=False paused=False
22:07:03.559 BREAKPOINT HIT! nodeId='cccccccc-cccc-cccc-cccc-cccccccccccc' entity=1
22:07:03.562 SetBreakpoint nodeIdStr='cccccccc-cccc-cccc-cccc-cccccccccccc' assetId=aaaaaaaa-aaaa-aaaa-aaaa-aaaaaaaaaaaa <NO DEBUG MAP REGISTERED> bpCount=2 mgr=False
22:07:03.563 OnNodeEnter entity=1 nodeId='cccccccc-cccc-cccc-cccc-cccccccccccc' bpDictSize=1 inDict=True mgr=False paused=False
22:07:03.564 BREAKPOINT HIT! nodeId='cccccccc-cccc-cccc-cccc-cccccccccccc' entity=1
22:07:03.566 SetBreakpoint nodeIdStr='cccccccc-cccc-cccc-cccc-cccccccccccc' assetId=aaaaaaaa-aaaa-aaaa-aaaa-aaaaaaaaaaaa <NO DEBUG MAP REGISTERED> bpCount=2 mgr=False
22:07:03.567 OnNodeEnter entity=1 nodeId='cccccccc-cccc-cccc-cccc-cccccccccccc' bpDictSize=1 inDict=True mgr=False paused=False
22:07:03.568 BREAKPOINT HIT! nodeId='cccccccc-cccc-cccc-cccc-cccccccccccc' entity=1
22:07:03.571 SetBreakpoint nodeIdStr='cccccccc-cccc-cccc-cccc-cccccccccccc' resolved=<NOT-IN-MAP / not probe-eligible> bpCount=2 mgr=False
22:07:03.578   probe-eligible nodes in asset: 
22:07:03.578 OnNodeEnter entity=1 nodeId='cccccccc-cccc-cccc-cccc-cccccccccccc' bpDictSize=1 inDict=True mgr=False paused=False
22:07:03.580 BREAKPOINT HIT! nodeId='cccccccc-cccc-cccc-cccc-cccccccccccc' entity=1
22:07:27.093 OnNodeEnter entity=1 nodeId='node-a' bpDictSize=0 inDict=False mgr=False paused=False
22:07:27.100 OnNodeEnter entity=2 nodeId='node-b' bpDictSize=0 inDict=False mgr=False paused=False
22:07:27.101 OnNodeEnter entity=1 nodeId='node-c' bpDictSize=0 inDict=False mgr=False paused=False
22:07:27.130 SetBreakpoint nodeIdStr='cccccccc-cccc-cccc-cccc-cccccccccccc' assetId=aaaaaaaa-aaaa-aaaa-aaaa-aaaaaaaaaaaa <NO DEBUG MAP REGISTERED> bpCount=2 mgr=False
22:07:27.133 SetBreakpoint nodeIdStr='dddddddd-dddd-dddd-dddd-dddddddddddd' assetId=aaaaaaaa-aaaa-aaaa-aaaa-aaaaaaaaaaaa <NO DEBUG MAP REGISTERED> bpCount=3 mgr=False
22:07:27.135 SetBreakpoint nodeIdStr='cccccccc-cccc-cccc-cccc-cccccccccccc' assetId=aaaaaaaa-aaaa-aaaa-aaaa-aaaaaaaaaaaa <NO DEBUG MAP REGISTERED> bpCount=2 mgr=False
22:07:27.140 OnNodeEnter entity=1 nodeId='cccccccc-cccc-cccc-cccc-cccccccccccc' bpDictSize=0 inDict=False mgr=False paused=False
22:07:27.143 SetBreakpoint nodeIdStr='cccccccc-cccc-cccc-cccc-cccccccccccc' assetId=aaaaaaaa-aaaa-aaaa-aaaa-aaaaaaaaaaaa <NO DEBUG MAP REGISTERED> bpCount=2 mgr=False
22:07:27.145 OnNodeEnter entity=1 nodeId='cccccccc-cccc-cccc-cccc-cccccccccccc' bpDictSize=1 inDict=True mgr=False paused=False
22:07:27.151 BREAKPOINT HIT! nodeId='cccccccc-cccc-cccc-cccc-cccccccccccc' entity=1
22:07:27.169 SetBreakpoint nodeIdStr='55f702b5-dbe1-4626-b2e2-7b9c4276d29a' resolved=<NOT-IN-MAP / not probe-eligible> bpCount=2 mgr=False
22:07:27.171   probe-eligible nodes in asset: 
22:07:27.172 OnNodeEnter entity=1 nodeId='55f702b5-dbe1-4626-b2e2-7b9c4276d29a' bpDictSize=1 inDict=True mgr=False paused=False
22:07:27.173 BREAKPOINT HIT! nodeId='55f702b5-dbe1-4626-b2e2-7b9c4276d29a' entity=1
22:07:27.175 SetBreakpoint nodeIdStr='cccccccc-cccc-cccc-cccc-cccccccccccc' assetId=aaaaaaaa-aaaa-aaaa-aaaa-aaaaaaaaaaaa <NO DEBUG MAP REGISTERED> bpCount=2 mgr=False
22:07:27.176 OnNodeEnter entity=1 nodeId='cccccccc-cccc-cccc-cccc-cccccccccccc' bpDictSize=1 inDict=True mgr=False paused=False
22:07:27.177 BREAKPOINT HIT! nodeId='cccccccc-cccc-cccc-cccc-cccccccccccc' entity=1
22:07:27.179 OnNodeEnter entity=1 nodeId='cccccccc-cccc-cccc-cccc-cccccccccccc' bpDictSize=1 inDict=True mgr=False paused=False
22:07:27.180 BREAKPOINT HIT! nodeId='cccccccc-cccc-cccc-cccc-cccccccccccc' entity=1
22:07:27.181 OnNodeEnter entity=1 nodeId='cccccccc-cccc-cccc-cccc-cccccccccccc' bpDictSize=1 inDict=True mgr=False paused=False
22:07:27.183 BREAKPOINT HIT! nodeId='cccccccc-cccc-cccc-cccc-cccccccccccc' entity=1
22:07:27.185 SetBreakpoint nodeIdStr='cccccccc-cccc-cccc-cccc-cccccccccccc' assetId=aaaaaaaa-aaaa-aaaa-aaaa-aaaaaaaaaaaa <NO DEBUG MAP REGISTERED> bpCount=2 mgr=False
22:07:27.187 OnNodeEnter entity=1 nodeId='cccccccc-cccc-cccc-cccc-cccccccccccc' bpDictSize=1 inDict=True mgr=False paused=False
22:07:27.188 BREAKPOINT HIT! nodeId='cccccccc-cccc-cccc-cccc-cccccccccccc' entity=1
22:07:27.189 OnNodeEnter entity=2 nodeId='cccccccc-cccc-cccc-cccc-cccccccccccc' bpDictSize=1 inDict=True mgr=False paused=True
22:07:27.193 SetBreakpoint nodeIdStr='cccccccc-cccc-cccc-cccc-cccccccccccc' resolved='' kind= bpCount=2 mgr=False
22:07:27.194   probe-eligible nodes in asset: cccccccc-cccc-cccc-cccc-cccccccccccc=''
22:07:27.197 SetBreakpoint nodeIdStr='cccccccc-cccc-cccc-cccc-cccccccccccc' assetId=aaaaaaaa-aaaa-aaaa-aaaa-aaaaaaaaaaaa <NO DEBUG MAP REGISTERED> bpCount=2 mgr=False
22:07:27.198 SetBreakpoint nodeIdStr='cccccccc-cccc-cccc-cccc-cccccccccccc' resolved=<NOT-IN-MAP / not probe-eligible> bpCount=2 mgr=False
22:07:27.199 SetBreakpoint nodeIdStr='cccccccc-cccc-cccc-cccc-cccccccccccc' assetId=aaaaaaaa-aaaa-aaaa-aaaa-aaaaaaaaaaaa <NO DEBUG MAP REGISTERED> bpCount=2 mgr=False
22:07:27.200 SetBreakpoint nodeIdStr='cccccccc-cccc-cccc-cccc-cccccccccccc' assetId=aaaaaaaa-aaaa-aaaa-aaaa-aaaaaaaaaaaa <NO DEBUG MAP REGISTERED> bpCount=2 mgr=False
22:07:27.201 OnNodeEnter entity=1 nodeId='cccccccc-cccc-cccc-cccc-cccccccccccc' bpDictSize=1 inDict=True mgr=False paused=False
22:07:27.202 SetBreakpoint nodeIdStr='cccccccc-cccc-cccc-cccc-cccccccccccc' resolved=<NOT-IN-MAP / not probe-eligible> bpCount=2 mgr=False
22:07:27.203   probe-eligible nodes in asset: 
22:07:27.204 OnNodeEnter entity=1 nodeId='cccccccc-cccc-cccc-cccc-cccccccccccc' bpDictSize=1 inDict=True mgr=False paused=False
22:07:27.207 SetBreakpoint nodeIdStr='cccccccc-cccc-cccc-cccc-cccccccccccc' resolved=<NOT-IN-MAP / not probe-eligible> bpCount=2 mgr=False
22:07:27.208   probe-eligible nodes in asset: 
22:07:27.221 SetBreakpoint nodeIdStr='cccccccc-cccc-cccc-cccc-cccccccccccc' resolved=<NOT-IN-MAP / not probe-eligible> bpCount=2 mgr=False
22:07:27.223   probe-eligible nodes in asset: 
22:07:27.224 SetBreakpoint nodeIdStr='cccccccc-cccc-cccc-cccc-cccccccccccc' resolved=<NOT-IN-MAP / not probe-eligible> bpCount=2 mgr=False
22:07:27.226   probe-eligible nodes in asset: 
22:07:27.231 SetBreakpoint nodeIdStr='cccccccc-cccc-cccc-cccc-cccccccccccc' assetId=aaaaaaaa-aaaa-aaaa-aaaa-aaaaaaaaaaaa <NO DEBUG MAP REGISTERED> bpCount=2 mgr=False
22:07:27.233 SetBreakpoint nodeIdStr='cccccccc-cccc-cccc-cccc-cccccccccccc' resolved=<NOT-IN-MAP / not probe-eligible> bpCount=2 mgr=False
22:07:27.234   probe-eligible nodes in asset: 
22:07:27.235 OnNodeEnter entity=1 nodeId='node-001' bpDictSize=0 inDict=False mgr=False paused=False
22:07:27.236 OnNodeEnter entity=1 nodeId='node-002' bpDictSize=0 inDict=False mgr=False paused=False
22:07:27.237 OnNodeEnter entity=1 nodeId='node-003' bpDictSize=0 inDict=False mgr=False paused=False
22:07:27.238 OnNodeEnter entity=1 nodeId='node-004' bpDictSize=0 inDict=False mgr=False paused=False
22:07:27.239 OnNodeEnter entity=1 nodeId='node-005' bpDictSize=0 inDict=False mgr=False paused=False
22:07:27.240 OnNodeEnter entity=1 nodeId='node-006' bpDictSize=0 inDict=False mgr=False paused=False
22:07:27.241 OnNodeEnter entity=1 nodeId='node-007' bpDictSize=0 inDict=False mgr=False paused=False
22:07:27.242 OnNodeEnter entity=1 nodeId='node-008' bpDictSize=0 inDict=False mgr=False paused=False
22:07:27.243 OnNodeEnter entity=1 nodeId='node-009' bpDictSize=0 inDict=False mgr=False paused=False
22:07:27.243 OnNodeEnter entity=1 nodeId='node-010' bpDictSize=0 inDict=False mgr=False paused=False
22:07:27.244 OnNodeEnter entity=1 nodeId='node-011' bpDictSize=0 inDict=False mgr=False paused=False
22:07:27.245 OnNodeEnter entity=1 nodeId='node-012' bpDictSize=0 inDict=False mgr=False paused=False
22:07:27.247 OnNodeEnter entity=1 nodeId='node-013' bpDictSize=0 inDict=False mgr=False paused=False
22:07:27.247 OnNodeEnter entity=1 nodeId='node-014' bpDictSize=0 inDict=False mgr=False paused=False
22:07:27.249 OnNodeEnter entity=1 nodeId='node-015' bpDictSize=0 inDict=False mgr=False paused=False
22:07:27.251 OnNodeEnter entity=1 nodeId='node-016' bpDictSize=0 inDict=False mgr=False paused=False
22:07:27.252 OnNodeEnter entity=1 nodeId='node-017' bpDictSize=0 inDict=False mgr=False paused=False
22:07:27.253 OnNodeEnter entity=1 nodeId='node-018' bpDictSize=0 inDict=False mgr=False paused=False
22:07:27.254 OnNodeEnter entity=1 nodeId='node-019' bpDictSize=0 inDict=False mgr=False paused=False
22:07:27.255 SetBreakpoint nodeIdStr='cccccccc-cccc-cccc-cccc-cccccccccccc' assetId=aaaaaaaa-aaaa-aaaa-aaaa-aaaaaaaaaaaa <NO DEBUG MAP REGISTERED> bpCount=2 mgr=False
22:07:27.262 OnNodeEnter entity=1 nodeId='cccccccc-cccc-cccc-cccc-cccccccccccc' bpDictSize=1 inDict=True mgr=False paused=False
22:07:27.264 BREAKPOINT HIT! nodeId='cccccccc-cccc-cccc-cccc-cccccccccccc' entity=1
22:07:27.271 OnNodeEnter entity=1 nodeId='entry-0' bpDictSize=0 inDict=False mgr=False paused=False
22:07:27.272 OnNodeEnter entity=1 nodeId='entry-1' bpDictSize=0 inDict=False mgr=False paused=False
22:07:27.273 OnNodeEnter entity=1 nodeId='entry-2' bpDictSize=0 inDict=False mgr=False paused=False
22:07:27.274 OnNodeEnter entity=1 nodeId='entry-3' bpDictSize=0 inDict=False mgr=False paused=False
22:07:27.275 SetBreakpoint nodeIdStr='cccccccc-cccc-cccc-cccc-cccccccccccc' assetId=aaaaaaaa-aaaa-aaaa-aaaa-aaaaaaaaaaaa <NO DEBUG MAP REGISTERED> bpCount=2 mgr=False
22:07:27.276 OnNodeEnter entity=1 nodeId='a' bpDictSize=0 inDict=False mgr=False paused=False
22:07:27.278 SetBreakpoint nodeIdStr='cccccccc-cccc-cccc-cccc-cccccccccccc' resolved=<NOT-IN-MAP / not probe-eligible> bpCount=2 mgr=False
22:07:27.279   probe-eligible nodes in asset: 
22:07:27.280 OnNodeEnter entity=1 nodeId='cccccccc-cccc-cccc-cccc-cccccccccccc' bpDictSize=1 inDict=True mgr=False paused=False
22:07:27.281 BREAKPOINT HIT! nodeId='cccccccc-cccc-cccc-cccc-cccccccccccc' entity=1
22:07:27.284 OnNodeEnter entity=1 nodeId='node-1' bpDictSize=0 inDict=False mgr=False paused=False
22:07:27.285 SetBreakpoint nodeIdStr='cccccccc-cccc-cccc-cccc-cccccccccccc' assetId=aaaaaaaa-aaaa-aaaa-aaaa-aaaaaaaaaaaa <NO DEBUG MAP REGISTERED> bpCount=2 mgr=False
22:07:27.286 OnNodeEnter entity=1 nodeId='cccccccc-cccc-cccc-cccc-cccccccccccc' bpDictSize=1 inDict=True mgr=False paused=False
22:07:27.292 BREAKPOINT HIT! nodeId='cccccccc-cccc-cccc-cccc-cccccccccccc' entity=1
22:07:27.296 SetBreakpoint nodeIdStr='cccccccc-cccc-cccc-cccc-cccccccccccc' assetId=aaaaaaaa-aaaa-aaaa-aaaa-aaaaaaaaaaaa <NO DEBUG MAP REGISTERED> bpCount=2 mgr=False
22:07:27.297 OnNodeEnter entity=1 nodeId='cccccccc-cccc-cccc-cccc-cccccccccccc' bpDictSize=1 inDict=True mgr=False paused=False
22:07:27.299 BREAKPOINT HIT! nodeId='cccccccc-cccc-cccc-cccc-cccccccccccc' entity=1
22:07:27.300 SetBreakpoint nodeIdStr='cccccccc-cccc-cccc-cccc-cccccccccccc' resolved=<NOT-IN-MAP / not probe-eligible> bpCount=2 mgr=False
22:07:27.301   probe-eligible nodes in asset: 
22:07:27.303 OnNodeEnter entity=1 nodeId='cccccccc-cccc-cccc-cccc-cccccccccccc' bpDictSize=1 inDict=True mgr=False paused=False
22:07:27.304 BREAKPOINT HIT! nodeId='cccccccc-cccc-cccc-cccc-cccccccccccc' entity=1
22:07:27.406 SetBreakpoint nodeIdStr='cccccccc-cccc-cccc-cccc-cccccccccccc' assetId=aaaaaaaa-aaaa-aaaa-aaaa-aaaaaaaaaaaa <NO DEBUG MAP REGISTERED> bpCount=2 mgr=False
22:07:27.407 OnNodeEnter entity=1 nodeId='cccccccc-cccc-cccc-cccc-cccccccccccc' bpDictSize=1 inDict=True mgr=False paused=False
22:07:27.408 BREAKPOINT HIT! nodeId='cccccccc-cccc-cccc-cccc-cccccccccccc' entity=1
22:07:27.410 SetBreakpoint nodeIdStr='cccccccc-cccc-cccc-cccc-cccccccccccc' assetId=aaaaaaaa-aaaa-aaaa-aaaa-aaaaaaaaaaaa <NO DEBUG MAP REGISTERED> bpCount=2 mgr=False
22:07:27.411 OnNodeEnter entity=1 nodeId='cccccccc-cccc-cccc-cccc-cccccccccccc' bpDictSize=1 inDict=True mgr=False paused=False
22:07:27.417 BREAKPOINT HIT! nodeId='cccccccc-cccc-cccc-cccc-cccccccccccc' entity=1
22:07:27.422 SetBreakpoint nodeIdStr='cccccccc-cccc-cccc-cccc-cccccccccccc' assetId=aaaaaaaa-aaaa-aaaa-aaaa-aaaaaaaaaaaa <NO DEBUG MAP REGISTERED> bpCount=2 mgr=False
22:07:55.295 OnNodeEnter entity=1 nodeId='other-node' bpDictSize=0 inDict=False mgr=False paused=False
22:07:55.297 SetBreakpoint nodeIdStr='aaaaaaaa-aaaa-aaaa-aaaa-aaaaaaaaaaaa' assetId=00000000-0000-0000-0000-000000000000 <NO DEBUG MAP REGISTERED> bpCount=2 mgr=False
22:07:55.297 OnNodeEnter entity=1 nodeId='aaaaaaaa-aaaa-aaaa-aaaa-aaaaaaaaaaaa' bpDictSize=1 inDict=True mgr=False paused=False
22:07:55.298 BREAKPOINT HIT! nodeId='aaaaaaaa-aaaa-aaaa-aaaa-aaaaaaaaaaaa' entity=1
22:07:55.299 SetBreakpoint nodeIdStr='5ca6db48-d222-44b4-8ae6-445ce2aec2cd' assetId=d703e567-9ad6-4ed2-a213-ee64d790e254 <NO DEBUG MAP REGISTERED> bpCount=2 mgr=False
22:07:55.407 SetBreakpoint nodeIdStr='89b879b7-3d3e-a106-ca1c-532bf01c03f7' assetId=75c77dfb-3991-fad3-3049-61217a8d75fb <NO DEBUG MAP REGISTERED> bpCount=2 mgr=False
22:07:55.488 OnNodeEnter entity=0 nodeId='89b879b7-3d3e-a106-ca1c-532bf01c03f7' bpDictSize=1 inDict=True mgr=False paused=False
22:07:55.488 BREAKPOINT HIT! nodeId='89b879b7-3d3e-a106-ca1c-532bf01c03f7' entity=0
22:07:55.489 OnNodeEnter entity=0 nodeId='89b879b7-3d3e-a106-ca1c-532bf01c03f7' bpDictSize=1 inDict=True mgr=False paused=False
22:07:55.490 BREAKPOINT HIT! nodeId='89b879b7-3d3e-a106-ca1c-532bf01c03f7' entity=0
22:08:05.369 SetBreakpoint nodeIdStr='cccccccc-cccc-cccc-cccc-cccccccccccc' assetId=aaaaaaaa-aaaa-aaaa-aaaa-aaaaaaaaaaaa <NO DEBUG MAP REGISTERED> bpCount=2 mgr=False
22:08:05.400 OnNodeEnter entity=1 nodeId='cccccccc-cccc-cccc-cccc-cccccccccccc' bpDictSize=1 inDict=True mgr=False paused=False
22:08:05.406 BREAKPOINT HIT! nodeId='cccccccc-cccc-cccc-cccc-cccccccccccc' entity=1
22:08:05.411 SetBreakpoint nodeIdStr='cccccccc-cccc-cccc-cccc-cccccccccccc' assetId=aaaaaaaa-aaaa-aaaa-aaaa-aaaaaaaaaaaa <NO DEBUG MAP REGISTERED> bpCount=2 mgr=False
22:08:05.412 OnNodeEnter entity=1 nodeId='cccccccc-cccc-cccc-cccc-cccccccccccc' bpDictSize=1 inDict=True mgr=False paused=False
22:08:05.413 BREAKPOINT HIT! nodeId='cccccccc-cccc-cccc-cccc-cccccccccccc' entity=1
22:08:05.431 SetBreakpoint nodeIdStr='cccccccc-cccc-cccc-cccc-cccccccccccc' assetId=aaaaaaaa-aaaa-aaaa-aaaa-aaaaaaaaaaaa <NO DEBUG MAP REGISTERED> bpCount=2 mgr=False
22:08:05.559 SetBreakpoint nodeIdStr='cccccccc-cccc-cccc-cccc-cccccccccccc' assetId=aaaaaaaa-aaaa-aaaa-aaaa-aaaaaaaaaaaa <NO DEBUG MAP REGISTERED> bpCount=2 mgr=False
22:08:05.560 OnNodeEnter entity=1 nodeId='cccccccc-cccc-cccc-cccc-cccccccccccc' bpDictSize=1 inDict=True mgr=False paused=False
22:08:05.561 BREAKPOINT HIT! nodeId='cccccccc-cccc-cccc-cccc-cccccccccccc' entity=1
22:08:05.575 OnNodeEnter entity=1 nodeId='entry-0' bpDictSize=0 inDict=False mgr=False paused=False
22:08:05.578 OnNodeEnter entity=1 nodeId='entry-1' bpDictSize=0 inDict=False mgr=False paused=False
22:08:05.579 OnNodeEnter entity=1 nodeId='entry-2' bpDictSize=0 inDict=False mgr=False paused=False
22:08:05.580 OnNodeEnter entity=1 nodeId='entry-3' bpDictSize=0 inDict=False mgr=False paused=False
22:08:05.581 OnNodeEnter entity=1 nodeId='entry-4' bpDictSize=0 inDict=False mgr=False paused=False
22:08:05.581 OnNodeEnter entity=1 nodeId='entry-5' bpDictSize=0 inDict=False mgr=False paused=False
22:08:05.582 OnNodeEnter entity=1 nodeId='entry-6' bpDictSize=0 inDict=False mgr=False paused=False
22:08:05.583 OnNodeEnter entity=1 nodeId='entry-7' bpDictSize=0 inDict=False mgr=False paused=False
22:08:05.584 OnNodeEnter entity=1 nodeId='entry-8' bpDictSize=0 inDict=False mgr=False paused=False
22:08:05.584 OnNodeEnter entity=1 nodeId='entry-9' bpDictSize=0 inDict=False mgr=False paused=False
22:08:05.585 OnNodeEnter entity=1 nodeId='entry-10' bpDictSize=0 inDict=False mgr=False paused=False
22:08:05.586 OnNodeEnter entity=1 nodeId='entry-11' bpDictSize=0 inDict=False mgr=False paused=False
22:08:05.588 OnNodeEnter entity=1 nodeId='entry-12' bpDictSize=0 inDict=False mgr=False paused=False
22:08:05.622 OnNodeEnter entity=1 nodeId='entry-13' bpDictSize=0 inDict=False mgr=False paused=False
22:08:05.634 OnNodeEnter entity=1 nodeId='entry-14' bpDictSize=0 inDict=False mgr=False paused=False
22:08:05.635 OnNodeEnter entity=1 nodeId='entry-15' bpDictSize=0 inDict=False mgr=False paused=False
22:08:05.653 OnNodeEnter entity=1 nodeId='entry-16' bpDictSize=0 inDict=False mgr=False paused=False
22:08:05.654 OnNodeEnter entity=1 nodeId='entry-17' bpDictSize=0 inDict=False mgr=False paused=False
22:08:05.656 OnNodeEnter entity=1 nodeId='entry-18' bpDictSize=0 inDict=False mgr=False paused=False
22:08:05.656 OnNodeEnter entity=1 nodeId='entry-19' bpDictSize=0 inDict=False mgr=False paused=False
22:08:05.658 OnNodeEnter entity=1 nodeId='entry-20' bpDictSize=0 inDict=False mgr=False paused=False
22:08:05.659 OnNodeEnter entity=1 nodeId='entry-21' bpDictSize=0 inDict=False mgr=False paused=False
22:08:05.660 OnNodeEnter entity=1 nodeId='entry-22' bpDictSize=0 inDict=False mgr=False paused=False
22:08:05.661 OnNodeEnter entity=1 nodeId='entry-23' bpDictSize=0 inDict=False mgr=False paused=False
22:08:05.662 OnNodeEnter entity=1 nodeId='entry-24' bpDictSize=0 inDict=False mgr=False paused=False
22:08:05.664 OnNodeEnter entity=1 nodeId='entry-25' bpDictSize=0 inDict=False mgr=False paused=False
22:08:05.665 OnNodeEnter entity=1 nodeId='entry-26' bpDictSize=0 inDict=False mgr=False paused=False
22:08:05.666 OnNodeEnter entity=1 nodeId='entry-27' bpDictSize=0 inDict=False mgr=False paused=False
22:08:05.667 OnNodeEnter entity=1 nodeId='entry-28' bpDictSize=0 inDict=False mgr=False paused=False
22:08:05.668 OnNodeEnter entity=1 nodeId='entry-29' bpDictSize=0 inDict=False mgr=False paused=False
22:08:05.669 OnNodeEnter entity=1 nodeId='entry-30' bpDictSize=0 inDict=False mgr=False paused=False
22:08:05.670 OnNodeEnter entity=1 nodeId='entry-31' bpDictSize=0 inDict=False mgr=False paused=False
22:08:05.670 OnNodeEnter entity=1 nodeId='entry-32' bpDictSize=0 inDict=False mgr=False paused=False
22:08:05.671 OnNodeEnter entity=1 nodeId='entry-33' bpDictSize=0 inDict=False mgr=False paused=False
22:08:05.672 OnNodeEnter entity=1 nodeId='entry-34' bpDictSize=0 inDict=False mgr=False paused=False
22:08:05.674 OnNodeEnter entity=1 nodeId='entry-35' bpDictSize=0 inDict=False mgr=False paused=False
22:08:05.675 OnNodeEnter entity=1 nodeId='entry-36' bpDictSize=0 inDict=False mgr=False paused=False
22:08:05.677 OnNodeEnter entity=1 nodeId='entry-37' bpDictSize=0 inDict=False mgr=False paused=False
22:08:05.679 OnNodeEnter entity=1 nodeId='entry-38' bpDictSize=0 inDict=False mgr=False paused=False
22:08:05.681 OnNodeEnter entity=1 nodeId='entry-39' bpDictSize=0 inDict=False mgr=False paused=False
22:08:05.683 OnNodeEnter entity=1 nodeId='entry-40' bpDictSize=0 inDict=False mgr=False paused=False
22:08:05.684 OnNodeEnter entity=1 nodeId='entry-41' bpDictSize=0 inDict=False mgr=False paused=False
22:08:05.685 OnNodeEnter entity=1 nodeId='entry-42' bpDictSize=0 inDict=False mgr=False paused=False
22:08:05.686 OnNodeEnter entity=1 nodeId='entry-43' bpDictSize=0 inDict=False mgr=False paused=False
22:08:05.687 OnNodeEnter entity=1 nodeId='entry-44' bpDictSize=0 inDict=False mgr=False paused=False
22:08:05.688 OnNodeEnter entity=1 nodeId='entry-45' bpDictSize=0 inDict=False mgr=False paused=False
22:08:05.718 SetBreakpoint nodeIdStr='cccccccc-cccc-cccc-cccc-cccccccccccc' assetId=aaaaaaaa-aaaa-aaaa-aaaa-aaaaaaaaaaaa <NO DEBUG MAP REGISTERED> bpCount=2 mgr=False
22:08:05.720 OnNodeEnter entity=1 nodeId='a' bpDictSize=0 inDict=False mgr=False paused=False
22:08:05.721 OnNodeEnter entity=1 nodeId='cccccccc-cccc-cccc-cccc-cccccccccccc' bpDictSize=0 inDict=False mgr=False paused=False
22:08:05.723 OnNodeEnter entity=1 nodeId='node-a' bpDictSize=0 inDict=False mgr=False paused=False
22:08:05.724 SetBreakpoint nodeIdStr='cccccccc-cccc-cccc-cccc-cccccccccccc' assetId=aaaaaaaa-aaaa-aaaa-aaaa-aaaaaaaaaaaa <NO DEBUG MAP REGISTERED> bpCount=2 mgr=False
22:08:05.726 OnNodeEnter entity=1 nodeId='cccccccc-cccc-cccc-cccc-cccccccccccc' bpDictSize=1 inDict=True mgr=False paused=False
22:08:05.727 OnNodeEnter entity=1 nodeId='node-1' bpDictSize=0 inDict=False mgr=False paused=False
22:08:05.730 SetBreakpoint nodeIdStr='cccccccc-cccc-cccc-cccc-cccccccccccc' assetId=aaaaaaaa-aaaa-aaaa-aaaa-aaaaaaaaaaaa <NO DEBUG MAP REGISTERED> bpCount=2 mgr=False
22:08:05.731 OnNodeEnter entity=1 nodeId='cccccccc-cccc-cccc-cccc-cccccccccccc' bpDictSize=1 inDict=True mgr=False paused=False
22:08:05.732 BREAKPOINT HIT! nodeId='cccccccc-cccc-cccc-cccc-cccccccccccc' entity=1
22:08:05.733 OnNodeEnter entity=2 nodeId='cccccccc-cccc-cccc-cccc-cccccccccccc' bpDictSize=1 inDict=True mgr=False paused=True
22:08:05.738 SetBreakpoint nodeIdStr='cccccccc-cccc-cccc-cccc-cccccccccccc' resolved='' kind= bpCount=2 mgr=False
22:08:05.742   probe-eligible nodes in asset: cccccccc-cccc-cccc-cccc-cccccccccccc=''
22:08:05.744 SetBreakpoint nodeIdStr='76467e04-e1c7-4222-b8d4-6f52e55e1234' resolved=<NOT-IN-MAP / not probe-eligible> bpCount=2 mgr=False
22:08:05.745   probe-eligible nodes in asset: 
22:08:05.748 OnNodeEnter entity=1 nodeId='76467e04-e1c7-4222-b8d4-6f52e55e1234' bpDictSize=1 inDict=True mgr=False paused=False
22:08:05.751 BREAKPOINT HIT! nodeId='76467e04-e1c7-4222-b8d4-6f52e55e1234' entity=1
22:08:05.812 SetBreakpoint nodeIdStr='cccccccc-cccc-cccc-cccc-cccccccccccc' resolved=<NOT-IN-MAP / not probe-eligible> bpCount=2 mgr=False
22:08:05.813   probe-eligible nodes in asset: 
22:08:05.815 SetBreakpoint nodeIdStr='dddddddd-dddd-dddd-dddd-dddddddddddd' resolved=<NOT-IN-MAP / not probe-eligible> bpCount=3 mgr=False
22:08:05.816   probe-eligible nodes in asset: 
22:08:05.817 SetBreakpoint nodeIdStr='eeeeeeee-eeee-eeee-eeee-eeeeeeeeeeee' assetId=bbbbbbbb-bbbb-bbbb-bbbb-bbbbbbbbbbbb <NO DEBUG MAP REGISTERED> bpCount=4 mgr=False
22:08:05.835 SetBreakpoint nodeIdStr='cccccccc-cccc-cccc-cccc-cccccccccccc' assetId=aaaaaaaa-aaaa-aaaa-aaaa-aaaaaaaaaaaa <NO DEBUG MAP REGISTERED> bpCount=2 mgr=False
22:08:05.837 OnNodeEnter entity=1 nodeId='cccccccc-cccc-cccc-cccc-cccccccccccc' bpDictSize=1 inDict=True mgr=False paused=False
22:08:05.839 BREAKPOINT HIT! nodeId='cccccccc-cccc-cccc-cccc-cccccccccccc' entity=1
22:08:05.841 OnNodeEnter entity=1 nodeId='still-deep-node' bpDictSize=1 inDict=False mgr=False paused=False
22:08:05.844 OnNodeEnter entity=1 nodeId='shallow-node' bpDictSize=1 inDict=False mgr=False paused=False
22:08:05.845 BREAKPOINT HIT! nodeId='shallow-node' entity=1
22:08:05.856 SetBreakpoint nodeIdStr='cccccccc-cccc-cccc-cccc-cccccccccccc' assetId=aaaaaaaa-aaaa-aaaa-aaaa-aaaaaaaaaaaa <NO DEBUG MAP REGISTERED> bpCount=2 mgr=False
22:08:05.858 OnNodeEnter entity=1 nodeId='cccccccc-cccc-cccc-cccc-cccccccccccc' bpDictSize=1 inDict=True mgr=False paused=False
22:08:05.859 BREAKPOINT HIT! nodeId='cccccccc-cccc-cccc-cccc-cccccccccccc' entity=1
22:08:05.861 OnNodeEnter entity=1 nodeId='any-node' bpDictSize=1 inDict=False mgr=False paused=False
22:08:05.868 BREAKPOINT HIT! nodeId='any-node' entity=1
22:08:05.870 SetBreakpoint nodeIdStr='cccccccc-cccc-cccc-cccc-cccccccccccc' assetId=aaaaaaaa-aaaa-aaaa-aaaa-aaaaaaaaaaaa <NO DEBUG MAP REGISTERED> bpCount=2 mgr=False
22:08:05.871 OnNodeEnter entity=1 nodeId='cccccccc-cccc-cccc-cccc-cccccccccccc' bpDictSize=1 inDict=True mgr=False paused=False
22:08:05.872 SetBreakpoint nodeIdStr='cccccccc-cccc-cccc-cccc-cccccccccccc' assetId=aaaaaaaa-aaaa-aaaa-aaaa-aaaaaaaaaaaa <NO DEBUG MAP REGISTERED> bpCount=2 mgr=False
22:08:05.873 SetBreakpoint nodeIdStr='cccccccc-cccc-cccc-cccc-cccccccccccc' assetId=aaaaaaaa-aaaa-aaaa-aaaa-aaaaaaaaaaaa <NO DEBUG MAP REGISTERED> bpCount=2 mgr=False
22:08:05.875 OnNodeEnter entity=1 nodeId='cccccccc-cccc-cccc-cccc-cccccccccccc' bpDictSize=1 inDict=True mgr=False paused=False
22:08:05.904 BREAKPOINT HIT! nodeId='cccccccc-cccc-cccc-cccc-cccccccccccc' entity=1
22:08:05.906 OnNodeEnter entity=1 nodeId='next-node' bpDictSize=1 inDict=False mgr=False paused=False
22:08:05.906 SetBreakpoint nodeIdStr='cccccccc-cccc-cccc-cccc-cccccccccccc' resolved=<NOT-IN-MAP / not probe-eligible> bpCount=2 mgr=False
22:08:05.908   probe-eligible nodes in asset: 
22:08:05.909 SetBreakpoint nodeIdStr='cccccccc-cccc-cccc-cccc-cccccccccccc' resolved=<NOT-IN-MAP / not probe-eligible> bpCount=2 mgr=False
22:08:05.910   probe-eligible nodes in asset: 
22:08:05.911 SetBreakpoint nodeIdStr='cccccccc-cccc-cccc-cccc-cccccccccccc' assetId=aaaaaaaa-aaaa-aaaa-aaaa-aaaaaaaaaaaa <NO DEBUG MAP REGISTERED> bpCount=2 mgr=False
22:08:05.913 SetBreakpoint nodeIdStr='cccccccc-cccc-cccc-cccc-cccccccccccc' resolved=<NOT-IN-MAP / not probe-eligible> bpCount=2 mgr=False
22:08:05.915   probe-eligible nodes in asset: 
22:08:05.928 SetBreakpoint nodeIdStr='cccccccc-cccc-cccc-cccc-cccccccccccc' assetId=aaaaaaaa-aaaa-aaaa-aaaa-aaaaaaaaaaaa <NO DEBUG MAP REGISTERED> bpCount=2 mgr=False
22:08:05.930 OnNodeEnter entity=1 nodeId='cccccccc-cccc-cccc-cccc-cccccccccccc' bpDictSize=1 inDict=True mgr=False paused=False
22:08:05.932 BREAKPOINT HIT! nodeId='cccccccc-cccc-cccc-cccc-cccccccccccc' entity=1
22:08:05.933 OnNodeEnter entity=1 nodeId='some-node' bpDictSize=1 inDict=False mgr=False paused=False
22:08:05.934 OnNodeEnter entity=1 nodeId='next-tick-node' bpDictSize=1 inDict=False mgr=False paused=False
22:08:05.935 BREAKPOINT HIT! nodeId='next-tick-node' entity=1
22:08:05.936 SetBreakpoint nodeIdStr='cccccccc-cccc-cccc-cccc-cccccccccccc' assetId=aaaaaaaa-aaaa-aaaa-aaaa-aaaaaaaaaaaa <NO DEBUG MAP REGISTERED> bpCount=2 mgr=False
22:08:05.938 OnNodeEnter entity=1 nodeId='cccccccc-cccc-cccc-cccc-cccccccccccc' bpDictSize=1 inDict=True mgr=False paused=False
22:08:05.939 BREAKPOINT HIT! nodeId='cccccccc-cccc-cccc-cccc-cccccccccccc' entity=1
22:08:05.939 OnNodeEnter entity=1 nodeId='ghost-node' bpDictSize=1 inDict=False mgr=False paused=False
22:08:05.941 SetBreakpoint nodeIdStr='cccccccc-cccc-cccc-cccc-cccccccccccc' assetId=aaaaaaaa-aaaa-aaaa-aaaa-aaaaaaaaaaaa <NO DEBUG MAP REGISTERED> bpCount=2 mgr=False
22:08:05.942 OnNodeEnter entity=1 nodeId='cccccccc-cccc-cccc-cccc-cccccccccccc' bpDictSize=1 inDict=True mgr=False paused=False
22:08:05.943 BREAKPOINT HIT! nodeId='cccccccc-cccc-cccc-cccc-cccccccccccc' entity=1
22:08:05.946 SetBreakpoint nodeIdStr='cccccccc-cccc-cccc-cccc-cccccccccccc' resolved=<NOT-IN-MAP / not probe-eligible> bpCount=2 mgr=False
22:08:05.948   probe-eligible nodes in asset: 
22:08:05.950 OnNodeEnter entity=1 nodeId='cccccccc-cccc-cccc-cccc-cccccccccccc' bpDictSize=1 inDict=True mgr=False paused=False
22:08:05.952 BREAKPOINT HIT! nodeId='cccccccc-cccc-cccc-cccc-cccccccccccc' entity=1
22:08:05.953 SetBreakpoint nodeIdStr='cccccccc-cccc-cccc-cccc-cccccccccccc' assetId=aaaaaaaa-aaaa-aaaa-aaaa-aaaaaaaaaaaa <NO DEBUG MAP REGISTERED> bpCount=2 mgr=False
22:08:05.954 OnNodeEnter entity=1 nodeId='cccccccc-cccc-cccc-cccc-cccccccccccc' bpDictSize=1 inDict=True mgr=False paused=False
22:08:05.955 BREAKPOINT HIT! nodeId='cccccccc-cccc-cccc-cccc-cccccccccccc' entity=1
22:08:05.957 SetBreakpoint nodeIdStr='cccccccc-cccc-cccc-cccc-cccccccccccc' assetId=aaaaaaaa-aaaa-aaaa-aaaa-aaaaaaaaaaaa <NO DEBUG MAP REGISTERED> bpCount=2 mgr=False
22:08:05.958 OnNodeEnter entity=1 nodeId='cccccccc-cccc-cccc-cccc-cccccccccccc' bpDictSize=1 inDict=True mgr=False paused=False
22:08:05.959 BREAKPOINT HIT! nodeId='cccccccc-cccc-cccc-cccc-cccccccccccc' entity=1
22:08:05.961 SetBreakpoint nodeIdStr='cccccccc-cccc-cccc-cccc-cccccccccccc' resolved=<NOT-IN-MAP / not probe-eligible> bpCount=2 mgr=False
22:08:05.961   probe-eligible nodes in asset: 
22:08:05.963 OnNodeEnter entity=1 nodeId='cccccccc-cccc-cccc-cccc-cccccccccccc' bpDictSize=1 inDict=True mgr=False paused=False
22:08:05.963 BREAKPOINT HIT! nodeId='cccccccc-cccc-cccc-cccc-cccccccccccc' entity=1
22:08:33.852 OnNodeEnter entity=1 nodeId='other-node' bpDictSize=0 inDict=False mgr=False paused=False
22:08:33.854 SetBreakpoint nodeIdStr='aaaaaaaa-aaaa-aaaa-aaaa-aaaaaaaaaaaa' assetId=00000000-0000-0000-0000-000000000000 <NO DEBUG MAP REGISTERED> bpCount=2 mgr=False
22:08:33.854 OnNodeEnter entity=1 nodeId='aaaaaaaa-aaaa-aaaa-aaaa-aaaaaaaaaaaa' bpDictSize=1 inDict=True mgr=False paused=False
22:08:33.855 BREAKPOINT HIT! nodeId='aaaaaaaa-aaaa-aaaa-aaaa-aaaaaaaaaaaa' entity=1
22:08:33.856 SetBreakpoint nodeIdStr='c7c26e95-793b-490f-9c52-1bd2d8455cc4' assetId=1a90c1fc-d189-4e89-a95c-81eb882e925d <NO DEBUG MAP REGISTERED> bpCount=2 mgr=False
22:08:33.959 SetBreakpoint nodeIdStr='89b879b7-3d3e-a106-ca1c-532bf01c03f7' assetId=75c77dfb-3991-fad3-3049-61217a8d75fb <NO DEBUG MAP REGISTERED> bpCount=2 mgr=False
22:08:34.039 OnNodeEnter entity=0 nodeId='89b879b7-3d3e-a106-ca1c-532bf01c03f7' bpDictSize=1 inDict=True mgr=False paused=False
22:08:34.040 BREAKPOINT HIT! nodeId='89b879b7-3d3e-a106-ca1c-532bf01c03f7' entity=0
22:08:34.041 OnNodeEnter entity=0 nodeId='89b879b7-3d3e-a106-ca1c-532bf01c03f7' bpDictSize=1 inDict=True mgr=False paused=False
22:08:34.042 BREAKPOINT HIT! nodeId='89b879b7-3d3e-a106-ca1c-532bf01c03f7' entity=0
22:08:41.511 SetBreakpoint nodeIdStr='cccccccc-cccc-cccc-cccc-cccccccccccc' assetId=aaaaaaaa-aaaa-aaaa-aaaa-aaaaaaaaaaaa <NO DEBUG MAP REGISTERED> bpCount=2 mgr=False
22:08:41.521 OnNodeEnter entity=1 nodeId='cccccccc-cccc-cccc-cccc-cccccccccccc' bpDictSize=1 inDict=True mgr=False paused=False
22:08:41.550 BREAKPOINT HIT! nodeId='cccccccc-cccc-cccc-cccc-cccccccccccc' entity=1
22:08:41.554 SetBreakpoint nodeIdStr='512e116a-2447-458e-802a-6e5d5697f8f2' resolved=<NOT-IN-MAP / not probe-eligible> bpCount=2 mgr=False
22:08:41.560   probe-eligible nodes in asset: 
22:08:41.562 OnNodeEnter entity=1 nodeId='512e116a-2447-458e-802a-6e5d5697f8f2' bpDictSize=1 inDict=True mgr=False paused=False
22:08:41.562 BREAKPOINT HIT! nodeId='512e116a-2447-458e-802a-6e5d5697f8f2' entity=1
22:08:41.563 OnNodeEnter entity=1 nodeId='still-deep-node' bpDictSize=1 inDict=False mgr=False paused=False
22:08:41.565 OnNodeEnter entity=1 nodeId='node-001' bpDictSize=0 inDict=False mgr=False paused=False
22:08:41.566 OnNodeEnter entity=1 nodeId='node-002' bpDictSize=0 inDict=False mgr=False paused=False
22:08:41.567 OnNodeEnter entity=1 nodeId='node-003' bpDictSize=0 inDict=False mgr=False paused=False
22:08:41.567 OnNodeEnter entity=1 nodeId='node-004' bpDictSize=0 inDict=False mgr=False paused=False
22:08:41.569 OnNodeEnter entity=1 nodeId='node-005' bpDictSize=0 inDict=False mgr=False paused=False
22:08:41.570 OnNodeEnter entity=1 nodeId='node-006' bpDictSize=0 inDict=False mgr=False paused=False
22:08:41.571 OnNodeEnter entity=1 nodeId='node-007' bpDictSize=0 inDict=False mgr=False paused=False
22:08:41.572 OnNodeEnter entity=1 nodeId='node-008' bpDictSize=0 inDict=False mgr=False paused=False
22:08:41.573 OnNodeEnter entity=1 nodeId='node-009' bpDictSize=0 inDict=False mgr=False paused=False
22:08:41.574 OnNodeEnter entity=1 nodeId='node-010' bpDictSize=0 inDict=False mgr=False paused=False
22:08:41.575 OnNodeEnter entity=1 nodeId='node-011' bpDictSize=0 inDict=False mgr=False paused=False
22:08:41.576 OnNodeEnter entity=1 nodeId='node-012' bpDictSize=0 inDict=False mgr=False paused=False
22:08:41.577 OnNodeEnter entity=1 nodeId='node-013' bpDictSize=0 inDict=False mgr=False paused=False
22:08:41.578 OnNodeEnter entity=1 nodeId='node-014' bpDictSize=0 inDict=False mgr=False paused=False
22:08:41.579 OnNodeEnter entity=1 nodeId='node-015' bpDictSize=0 inDict=False mgr=False paused=False
22:08:41.581 OnNodeEnter entity=1 nodeId='node-016' bpDictSize=0 inDict=False mgr=False paused=False
22:08:41.582 OnNodeEnter entity=1 nodeId='node-017' bpDictSize=0 inDict=False mgr=False paused=False
22:08:41.583 OnNodeEnter entity=1 nodeId='node-018' bpDictSize=0 inDict=False mgr=False paused=False
22:08:41.584 SetBreakpoint nodeIdStr='cccccccc-cccc-cccc-cccc-cccccccccccc' assetId=aaaaaaaa-aaaa-aaaa-aaaa-aaaaaaaaaaaa <NO DEBUG MAP REGISTERED> bpCount=2 mgr=False
22:08:41.594 OnNodeEnter entity=1 nodeId='entry-0' bpDictSize=0 inDict=False mgr=False paused=False
22:08:41.595 SetBreakpoint nodeIdStr='cccccccc-cccc-cccc-cccc-cccccccccccc' assetId=aaaaaaaa-aaaa-aaaa-aaaa-aaaaaaaaaaaa <NO DEBUG MAP REGISTERED> bpCount=2 mgr=False
22:08:41.596 OnNodeEnter entity=1 nodeId='cccccccc-cccc-cccc-cccc-cccccccccccc' bpDictSize=1 inDict=True mgr=False paused=False
22:08:41.597 BREAKPOINT HIT! nodeId='cccccccc-cccc-cccc-cccc-cccccccccccc' entity=1
22:08:41.599 OnNodeEnter entity=1 nodeId='node-a' bpDictSize=0 inDict=False mgr=False paused=False
22:08:41.600 OnNodeEnter entity=1 nodeId='node-a' bpDictSize=0 inDict=False mgr=False paused=False
22:08:41.601 OnNodeEnter entity=2 nodeId='node-b' bpDictSize=0 inDict=False mgr=False paused=False
22:08:41.604 OnNodeEnter entity=1 nodeId='node-a' bpDictSize=0 inDict=False mgr=False paused=False
22:08:41.606 OnNodeEnter entity=2 nodeId='node-b' bpDictSize=0 inDict=False mgr=False paused=False
22:08:41.607 OnNodeEnter entity=1 nodeId='node-c' bpDictSize=0 inDict=False mgr=False paused=False
22:08:41.609 SetBreakpoint nodeIdStr='cccccccc-cccc-cccc-cccc-cccccccccccc' assetId=aaaaaaaa-aaaa-aaaa-aaaa-aaaaaaaaaaaa <NO DEBUG MAP REGISTERED> bpCount=2 mgr=False
22:08:41.611 SetBreakpoint nodeIdStr='cccccccc-cccc-cccc-cccc-cccccccccccc' resolved=<NOT-IN-MAP / not probe-eligible> bpCount=2 mgr=False
22:08:41.612   probe-eligible nodes in asset: 
22:08:41.618 OnNodeEnter entity=1 nodeId='cccccccc-cccc-cccc-cccc-cccccccccccc' bpDictSize=1 inDict=True mgr=False paused=False
22:08:41.620 SetBreakpoint nodeIdStr='cccccccc-cccc-cccc-cccc-cccccccccccc' resolved=<NOT-IN-MAP / not probe-eligible> bpCount=2 mgr=False
22:08:41.621 SetBreakpoint nodeIdStr='cccccccc-cccc-cccc-cccc-cccccccccccc' assetId=aaaaaaaa-aaaa-aaaa-aaaa-aaaaaaaaaaaa <NO DEBUG MAP REGISTERED> bpCount=2 mgr=False
22:08:41.624 SetBreakpoint nodeIdStr='cccccccc-cccc-cccc-cccc-cccccccccccc' resolved=<NOT-IN-MAP / not probe-eligible> bpCount=2 mgr=False
22:08:41.625   probe-eligible nodes in asset: 
22:08:41.656 SetBreakpoint nodeIdStr='cccccccc-cccc-cccc-cccc-cccccccccccc' resolved=<NOT-IN-MAP / not probe-eligible> bpCount=2 mgr=False
22:08:41.657   probe-eligible nodes in asset: 
22:08:41.659 SetBreakpoint nodeIdStr='cccccccc-cccc-cccc-cccc-cccccccccccc' assetId=aaaaaaaa-aaaa-aaaa-aaaa-aaaaaaaaaaaa <NO DEBUG MAP REGISTERED> bpCount=2 mgr=False
22:08:41.671 SetBreakpoint nodeIdStr='cccccccc-cccc-cccc-cccc-cccccccccccc' resolved=<NOT-IN-MAP / not probe-eligible> bpCount=2 mgr=False
22:08:41.672   probe-eligible nodes in asset: 
22:08:41.677 SetBreakpoint nodeIdStr='cccccccc-cccc-cccc-cccc-cccccccccccc' assetId=aaaaaaaa-aaaa-aaaa-aaaa-aaaaaaaaaaaa <NO DEBUG MAP REGISTERED> bpCount=2 mgr=False
22:08:41.679 OnNodeEnter entity=1 nodeId='cccccccc-cccc-cccc-cccc-cccccccccccc' bpDictSize=1 inDict=True mgr=False paused=False
22:08:41.680 BREAKPOINT HIT! nodeId='cccccccc-cccc-cccc-cccc-cccccccccccc' entity=1
22:08:41.682 SetBreakpoint nodeIdStr='cccccccc-cccc-cccc-cccc-cccccccccccc' assetId=aaaaaaaa-aaaa-aaaa-aaaa-aaaaaaaaaaaa <NO DEBUG MAP REGISTERED> bpCount=2 mgr=False
22:08:41.683 SetBreakpoint nodeIdStr='dddddddd-dddd-dddd-dddd-dddddddddddd' assetId=aaaaaaaa-aaaa-aaaa-aaaa-aaaaaaaaaaaa <NO DEBUG MAP REGISTERED> bpCount=3 mgr=False
22:08:41.686 SetBreakpoint nodeIdStr='cccccccc-cccc-cccc-cccc-cccccccccccc' assetId=aaaaaaaa-aaaa-aaaa-aaaa-aaaaaaaaaaaa <NO DEBUG MAP REGISTERED> bpCount=2 mgr=False
22:08:41.687 SetBreakpoint nodeIdStr='cccccccc-cccc-cccc-cccc-cccccccccccc' assetId=aaaaaaaa-aaaa-aaaa-aaaa-aaaaaaaaaaaa <NO DEBUG MAP REGISTERED> bpCount=2 mgr=False
22:08:41.689 OnNodeEnter entity=1 nodeId='cccccccc-cccc-cccc-cccc-cccccccccccc' bpDictSize=1 inDict=True mgr=False paused=False
22:08:41.690 SetBreakpoint nodeIdStr='cccccccc-cccc-cccc-cccc-cccccccccccc' assetId=aaaaaaaa-aaaa-aaaa-aaaa-aaaaaaaaaaaa <NO DEBUG MAP REGISTERED> bpCount=2 mgr=False
22:08:41.692 OnNodeEnter entity=1 nodeId='cccccccc-cccc-cccc-cccc-cccccccccccc' bpDictSize=1 inDict=True mgr=False paused=False
22:08:41.693 BREAKPOINT HIT! nodeId='cccccccc-cccc-cccc-cccc-cccccccccccc' entity=1
22:08:41.696 SetBreakpoint nodeIdStr='cccccccc-cccc-cccc-cccc-cccccccccccc' assetId=aaaaaaaa-aaaa-aaaa-aaaa-aaaaaaaaaaaa <NO DEBUG MAP REGISTERED> bpCount=2 mgr=False
22:08:41.697 OnNodeEnter entity=1 nodeId='cccccccc-cccc-cccc-cccc-cccccccccccc' bpDictSize=1 inDict=True mgr=False paused=False
22:08:41.698 BREAKPOINT HIT! nodeId='cccccccc-cccc-cccc-cccc-cccccccccccc' entity=1
22:08:41.699 OnNodeEnter entity=1 nodeId='cccccccc-cccc-cccc-cccc-cccccccccccc' bpDictSize=1 inDict=True mgr=False paused=False
22:08:41.708 BREAKPOINT HIT! nodeId='cccccccc-cccc-cccc-cccc-cccccccccccc' entity=1
22:08:41.709 OnNodeEnter entity=1 nodeId='cccccccc-cccc-cccc-cccc-cccccccccccc' bpDictSize=1 inDict=True mgr=False paused=False
22:08:41.711 BREAKPOINT HIT! nodeId='cccccccc-cccc-cccc-cccc-cccccccccccc' entity=1
22:08:41.713 SetBreakpoint nodeIdStr='cccccccc-cccc-cccc-cccc-cccccccccccc' assetId=aaaaaaaa-aaaa-aaaa-aaaa-aaaaaaaaaaaa <NO DEBUG MAP REGISTERED> bpCount=2 mgr=False
22:08:41.714 OnNodeEnter entity=1 nodeId='cccccccc-cccc-cccc-cccc-cccccccccccc' bpDictSize=1 inDict=True mgr=False paused=False
22:08:41.716 BREAKPOINT HIT! nodeId='cccccccc-cccc-cccc-cccc-cccccccccccc' entity=1
22:08:41.717 OnNodeEnter entity=2 nodeId='cccccccc-cccc-cccc-cccc-cccccccccccc' bpDictSize=1 inDict=True mgr=False paused=True
22:08:41.720 SetBreakpoint nodeIdStr='cccccccc-cccc-cccc-cccc-cccccccccccc' assetId=aaaaaaaa-aaaa-aaaa-aaaa-aaaaaaaaaaaa <NO DEBUG MAP REGISTERED> bpCount=2 mgr=False
22:08:41.721 SetBreakpoint nodeIdStr='cccccccc-cccc-cccc-cccc-cccccccccccc' resolved='' kind= bpCount=2 mgr=False
22:08:41.722   probe-eligible nodes in asset: cccccccc-cccc-cccc-cccc-cccccccccccc=''
22:09:09.958 OnNodeEnter entity=1 nodeId='other-node' bpDictSize=0 inDict=False mgr=False paused=False
22:09:09.960 SetBreakpoint nodeIdStr='aaaaaaaa-aaaa-aaaa-aaaa-aaaaaaaaaaaa' assetId=00000000-0000-0000-0000-000000000000 <NO DEBUG MAP REGISTERED> bpCount=2 mgr=False
22:09:09.961 OnNodeEnter entity=1 nodeId='aaaaaaaa-aaaa-aaaa-aaaa-aaaaaaaaaaaa' bpDictSize=1 inDict=True mgr=False paused=False
22:09:09.961 BREAKPOINT HIT! nodeId='aaaaaaaa-aaaa-aaaa-aaaa-aaaaaaaaaaaa' entity=1
22:09:09.964 SetBreakpoint nodeIdStr='aa90cb1b-98b1-464c-9b13-a40ed6c2bc60' assetId=65bed100-6ccd-4345-8567-b849be5c9f3e <NO DEBUG MAP REGISTERED> bpCount=2 mgr=False
22:09:10.060 SetBreakpoint nodeIdStr='89b879b7-3d3e-a106-ca1c-532bf01c03f7' assetId=75c77dfb-3991-fad3-3049-61217a8d75fb <NO DEBUG MAP REGISTERED> bpCount=2 mgr=False
22:09:10.138 OnNodeEnter entity=0 nodeId='89b879b7-3d3e-a106-ca1c-532bf01c03f7' bpDictSize=1 inDict=True mgr=False paused=False
22:09:10.139 BREAKPOINT HIT! nodeId='89b879b7-3d3e-a106-ca1c-532bf01c03f7' entity=0
22:09:10.139 OnNodeEnter entity=0 nodeId='89b879b7-3d3e-a106-ca1c-532bf01c03f7' bpDictSize=1 inDict=True mgr=False paused=False
22:09:10.140 BREAKPOINT HIT! nodeId='89b879b7-3d3e-a106-ca1c-532bf01c03f7' entity=0
22:22:04.939 SetBreakpoint nodeIdStr='0b561966-b00b-4c84-a1a0-87042220ba9f' assetId=47fe9c55-c6ca-4c69-9c5a-d46de25745de <NO DEBUG MAP REGISTERED> bpCount=2 mgr=False
22:22:04.953 OnNodeEnter entity=0 nodeId='20000006-0000-0000-0000-000000000004' bpDictSize=1 inDict=False mgr=False paused=False
22:22:04.955 OnNodeEnter entity=0 nodeId='0b561966-b00b-4c84-a1a0-87042220ba9f' bpDictSize=1 inDict=True mgr=False paused=False
22:22:04.957 BREAKPOINT HIT! nodeId='0b561966-b00b-4c84-a1a0-87042220ba9f' entity=0
22:22:05.878 SetBreakpoint nodeIdStr='0b561966-b00b-4c84-a1a0-87042220ba9f' assetId=47fe9c55-c6ca-4c69-9c5a-d46de25745de <NO DEBUG MAP REGISTERED> bpCount=2 mgr=False
22:22:05.890 OnNodeEnter entity=0 nodeId='20000006-0000-0000-0000-000000000004' bpDictSize=1 inDict=False mgr=False paused=False
22:22:05.891 OnNodeEnter entity=0 nodeId='0b561966-b00b-4c84-a1a0-87042220ba9f' bpDictSize=1 inDict=True mgr=False paused=False
22:22:05.893 BREAKPOINT HIT! nodeId='0b561966-b00b-4c84-a1a0-87042220ba9f' entity=0
22:24:51.326 SetBreakpoint nodeIdStr='0b561966-b00b-4c84-a1a0-87042220ba9f' assetId=47fe9c55-c6ca-4c69-9c5a-d46de25745de <NO DEBUG MAP REGISTERED> bpCount=2 mgr=False
22:24:51.338 OnNodeEnter entity=0 nodeId='20000006-0000-0000-0000-000000000004' bpDictSize=1 inDict=False mgr=False paused=False
22:24:51.339 OnNodeEnter entity=0 nodeId='0b561966-b00b-4c84-a1a0-87042220ba9f' bpDictSize=1 inDict=True mgr=False paused=False
22:24:51.341 BREAKPOINT HIT! nodeId='0b561966-b00b-4c84-a1a0-87042220ba9f' entity=0
22:26:19.128 SetBreakpoint nodeIdStr='0b561966-b00b-4c84-a1a0-87042220ba9f' assetId=47fe9c55-c6ca-4c69-9c5a-d46de25745de <NO DEBUG MAP REGISTERED> bpCount=2 mgr=False
22:26:19.139 OnNodeEnter entity=0 nodeId='da9a9c0b-25f8-4a81-9a52-75c715456f18' bpDictSize=1 inDict=False mgr=False paused=False
22:26:19.140 OnNodeEnter entity=0 nodeId='20000006-0000-0000-0000-000000000004' bpDictSize=1 inDict=False mgr=False paused=False
22:26:19.141 OnNodeEnter entity=0 nodeId='0b561966-b00b-4c84-a1a0-87042220ba9f' bpDictSize=1 inDict=True mgr=False paused=False
22:26:19.143 BREAKPOINT HIT! nodeId='0b561966-b00b-4c84-a1a0-87042220ba9f' entity=0
22:26:59.497 SetBreakpoint nodeIdStr='0b561966-b00b-4c84-a1a0-87042220ba9f' assetId=47fe9c55-c6ca-4c69-9c5a-d46de25745de <NO DEBUG MAP REGISTERED> bpCount=2 mgr=False
22:26:59.508 OnNodeEnter entity=0 nodeId='da9a9c0b-25f8-4a81-9a52-75c715456f18' bpDictSize=1 inDict=False mgr=False paused=False
22:26:59.509 OnNodeEnter entity=0 nodeId='20000006-0000-0000-0000-000000000004' bpDictSize=1 inDict=False mgr=False paused=False
22:26:59.510 OnNodeEnter entity=0 nodeId='0b561966-b00b-4c84-a1a0-87042220ba9f' bpDictSize=1 inDict=True mgr=False paused=False
22:26:59.511 BREAKPOINT HIT! nodeId='0b561966-b00b-4c84-a1a0-87042220ba9f' entity=0
22:27:38.565 SetBreakpoint nodeIdStr='0b561966-b00b-4c84-a1a0-87042220ba9f' assetId=47fe9c55-c6ca-4c69-9c5a-d46de25745de <NO DEBUG MAP REGISTERED> bpCount=2 mgr=False
22:27:38.576 OnNodeEnter entity=0 nodeId='da9a9c0b-25f8-4a81-9a52-75c715456f18' bpDictSize=1 inDict=False mgr=False paused=False
22:27:38.577 OnNodeEnter entity=0 nodeId='20000006-0000-0000-0000-000000000004' bpDictSize=1 inDict=False mgr=False paused=False
22:27:38.577 OnNodeEnter entity=0 nodeId='0b561966-b00b-4c84-a1a0-87042220ba9f' bpDictSize=1 inDict=True mgr=False paused=False
22:27:38.578 BREAKPOINT HIT! nodeId='0b561966-b00b-4c84-a1a0-87042220ba9f' entity=0
22:28:16.651 SetBreakpoint nodeIdStr='0b561966-b00b-4c84-a1a0-87042220ba9f' assetId=47fe9c55-c6ca-4c69-9c5a-d46de25745de <NO DEBUG MAP REGISTERED> bpCount=2 mgr=False
22:28:16.662 OnNodeEnter entity=0 nodeId='da9a9c0b-25f8-4a81-9a52-75c715456f18' bpDictSize=1 inDict=False mgr=False paused=False
22:28:16.663 OnNodeEnter entity=0 nodeId='0b561966-b00b-4c84-a1a0-87042220ba9f' bpDictSize=1 inDict=True mgr=False paused=False
22:28:16.664 BREAKPOINT HIT! nodeId='0b561966-b00b-4c84-a1a0-87042220ba9f' entity=0
22:28:24.831 SetBreakpoint nodeIdStr='cccccccc-cccc-cccc-cccc-cccccccccccc' assetId=aaaaaaaa-aaaa-aaaa-aaaa-aaaaaaaaaaaa <NO DEBUG MAP REGISTERED> bpCount=2 mgr=False
22:28:24.840 OnNodeEnter entity=1 nodeId='cccccccc-cccc-cccc-cccc-cccccccccccc' bpDictSize=1 inDict=True mgr=False paused=False
22:28:24.844 BREAKPOINT HIT! nodeId='cccccccc-cccc-cccc-cccc-cccccccccccc' entity=1
22:28:24.855 SetBreakpoint nodeIdStr='cccccccc-cccc-cccc-cccc-cccccccccccc' resolved=<NOT-IN-MAP / not probe-eligible> bpCount=2 mgr=False
22:28:24.858   probe-eligible nodes in asset: 
22:28:24.861 SetBreakpoint nodeIdStr='dddddddd-dddd-dddd-dddd-dddddddddddd' resolved=<NOT-IN-MAP / not probe-eligible> bpCount=3 mgr=False
22:28:24.862   probe-eligible nodes in asset: 
22:28:24.863 SetBreakpoint nodeIdStr='eeeeeeee-eeee-eeee-eeee-eeeeeeeeeeee' assetId=bbbbbbbb-bbbb-bbbb-bbbb-bbbbbbbbbbbb <NO DEBUG MAP REGISTERED> bpCount=4 mgr=False
22:28:24.934 SetBreakpoint nodeIdStr='cccccccc-cccc-cccc-cccc-cccccccccccc' assetId=aaaaaaaa-aaaa-aaaa-aaaa-aaaaaaaaaaaa <NO DEBUG MAP REGISTERED> bpCount=2 mgr=False
22:28:24.935 OnNodeEnter entity=1 nodeId='cccccccc-cccc-cccc-cccc-cccccccccccc' bpDictSize=1 inDict=True mgr=False paused=False
22:28:24.937 BREAKPOINT HIT! nodeId='cccccccc-cccc-cccc-cccc-cccccccccccc' entity=1
22:28:24.940 OnNodeEnter entity=2 nodeId='cccccccc-cccc-cccc-cccc-cccccccccccc' bpDictSize=1 inDict=True mgr=False paused=True
22:28:24.943 OnNodeEnter entity=1 nodeId='node-001' bpDictSize=0 inDict=False mgr=False paused=False
22:28:24.944 OnNodeEnter entity=1 nodeId='node-002' bpDictSize=0 inDict=False mgr=False paused=False
22:28:24.945 OnNodeEnter entity=1 nodeId='node-003' bpDictSize=0 inDict=False mgr=False paused=False
22:28:24.946 OnNodeEnter entity=1 nodeId='node-004' bpDictSize=0 inDict=False mgr=False paused=False
22:28:24.947 OnNodeEnter entity=1 nodeId='node-005' bpDictSize=0 inDict=False mgr=False paused=False
22:28:24.948 OnNodeEnter entity=1 nodeId='node-006' bpDictSize=0 inDict=False mgr=False paused=False
22:28:24.949 OnNodeEnter entity=1 nodeId='node-007' bpDictSize=0 inDict=False mgr=False paused=False
22:28:24.950 OnNodeEnter entity=1 nodeId='node-008' bpDictSize=0 inDict=False mgr=False paused=False
22:28:24.951 OnNodeEnter entity=1 nodeId='node-009' bpDictSize=0 inDict=False mgr=False paused=False
22:28:24.952 OnNodeEnter entity=1 nodeId='node-010' bpDictSize=0 inDict=False mgr=False paused=False
22:28:24.953 OnNodeEnter entity=1 nodeId='node-011' bpDictSize=0 inDict=False mgr=False paused=False
22:28:24.954 OnNodeEnter entity=1 nodeId='node-012' bpDictSize=0 inDict=False mgr=False paused=False
22:28:24.956 OnNodeEnter entity=1 nodeId='node-013' bpDictSize=0 inDict=False mgr=False paused=False
22:28:24.957 OnNodeEnter entity=1 nodeId='node-014' bpDictSize=0 inDict=False mgr=False paused=False
22:28:24.957 OnNodeEnter entity=1 nodeId='node-015' bpDictSize=0 inDict=False mgr=False paused=False
22:28:24.959 OnNodeEnter entity=1 nodeId='node-016' bpDictSize=0 inDict=False mgr=False paused=False
22:28:24.960 OnNodeEnter entity=1 nodeId='node-017' bpDictSize=0 inDict=False mgr=False paused=False
22:28:24.961 OnNodeEnter entity=1 nodeId='node-018' bpDictSize=0 inDict=False mgr=False paused=False
22:28:24.962 OnNodeEnter entity=1 nodeId='node-019' bpDictSize=0 inDict=False mgr=False paused=False
22:28:24.963 OnNodeEnter entity=1 nodeId='node-020' bpDictSize=0 inDict=False mgr=False paused=False
22:28:24.964 OnNodeEnter entity=1 nodeId='node-021' bpDictSize=0 inDict=False mgr=False paused=False
22:28:24.964 OnNodeEnter entity=1 nodeId='node-022' bpDictSize=0 inDict=False mgr=False paused=False
22:28:24.965 OnNodeEnter entity=1 nodeId='node-023' bpDictSize=0 inDict=False mgr=False paused=False
22:28:24.989 OnNodeEnter entity=1 nodeId='node-024' bpDictSize=0 inDict=False mgr=False paused=False
22:28:24.990 OnNodeEnter entity=1 nodeId='node-025' bpDictSize=0 inDict=False mgr=False paused=False
22:28:25.000 OnNodeEnter entity=1 nodeId='node-026' bpDictSize=0 inDict=False mgr=False paused=False
22:28:25.001 OnNodeEnter entity=1 nodeId='node-027' bpDictSize=0 inDict=False mgr=False paused=False
22:28:25.002 OnNodeEnter entity=1 nodeId='node-028' bpDictSize=0 inDict=False mgr=False paused=False
22:28:25.004 OnNodeEnter entity=1 nodeId='node-029' bpDictSize=0 inDict=False mgr=False paused=False
22:28:25.006 OnNodeEnter entity=1 nodeId='node-030' bpDictSize=0 inDict=False mgr=False paused=False
22:28:25.007 OnNodeEnter entity=1 nodeId='node-031' bpDictSize=0 inDict=False mgr=False paused=False
22:28:25.008 OnNodeEnter entity=1 nodeId='node-032' bpDictSize=0 inDict=False mgr=False paused=False
22:28:25.009 OnNodeEnter entity=1 nodeId='node-033' bpDictSize=0 inDict=False mgr=False paused=False
22:28:25.009 OnNodeEnter entity=1 nodeId='node-034' bpDictSize=0 inDict=False mgr=False paused=False
22:28:25.010 OnNodeEnter entity=1 nodeId='node-035' bpDictSize=0 inDict=False mgr=False paused=False
22:28:25.012 SetBreakpoint nodeIdStr='cccccccc-cccc-cccc-cccc-cccccccccccc' resolved=<NOT-IN-MAP / not probe-eligible> bpCount=2 mgr=False
22:28:25.014 OnNodeEnter entity=1 nodeId='entry-0' bpDictSize=0 inDict=False mgr=False paused=False
22:28:25.015 SetBreakpoint nodeIdStr='cccccccc-cccc-cccc-cccc-cccccccccccc' resolved=<NOT-IN-MAP / not probe-eligible> bpCount=2 mgr=False
22:28:25.016   probe-eligible nodes in asset: 
22:28:25.017 OnNodeEnter entity=1 nodeId='a' bpDictSize=0 inDict=False mgr=False paused=False
22:28:25.018 OnNodeEnter entity=2 nodeId='b' bpDictSize=0 inDict=False mgr=False paused=False
22:28:25.019 OnNodeEnter entity=1 nodeId='c' bpDictSize=0 inDict=False mgr=False paused=False
22:28:25.021 SetBreakpoint nodeIdStr='cccccccc-cccc-cccc-cccc-cccccccccccc' resolved=<NOT-IN-MAP / not probe-eligible> bpCount=2 mgr=False
22:28:25.023   probe-eligible nodes in asset: 
22:28:25.025 SetBreakpoint nodeIdStr='cccccccc-cccc-cccc-cccc-cccccccccccc' assetId=aaaaaaaa-aaaa-aaaa-aaaa-aaaaaaaaaaaa <NO DEBUG MAP REGISTERED> bpCount=2 mgr=False
22:28:25.027 OnNodeEnter entity=1 nodeId='node-1' bpDictSize=0 inDict=False mgr=False paused=False
22:28:25.029 SetBreakpoint nodeIdStr='cccccccc-cccc-cccc-cccc-cccccccccccc' resolved=<NOT-IN-MAP / not probe-eligible> bpCount=2 mgr=False
22:28:25.032   probe-eligible nodes in asset: 
22:28:25.091 SetBreakpoint nodeIdStr='cccccccc-cccc-cccc-cccc-cccccccccccc' assetId=aaaaaaaa-aaaa-aaaa-aaaa-aaaaaaaaaaaa <NO DEBUG MAP REGISTERED> bpCount=2 mgr=False
22:28:25.092 SetBreakpoint nodeIdStr='61b91465-77ac-456f-9790-1d7d49a99c2d' resolved=<NOT-IN-MAP / not probe-eligible> bpCount=2 mgr=False
22:28:25.094 SetBreakpoint nodeIdStr='cccccccc-cccc-cccc-cccc-cccccccccccc' assetId=aaaaaaaa-aaaa-aaaa-aaaa-aaaaaaaaaaaa <NO DEBUG MAP REGISTERED> bpCount=2 mgr=False
22:28:25.095 OnNodeEnter entity=1 nodeId='cccccccc-cccc-cccc-cccc-cccccccccccc' bpDictSize=1 inDict=True mgr=False paused=False
22:28:25.096 BREAKPOINT HIT! nodeId='cccccccc-cccc-cccc-cccc-cccccccccccc' entity=1
22:28:25.098 OnNodeEnter entity=1 nodeId='ghost-node' bpDictSize=1 inDict=False mgr=False paused=False
22:28:25.101 SetBreakpoint nodeIdStr='cccccccc-cccc-cccc-cccc-cccccccccccc' assetId=aaaaaaaa-aaaa-aaaa-aaaa-aaaaaaaaaaaa <NO DEBUG MAP REGISTERED> bpCount=2 mgr=False
22:28:25.102 OnNodeEnter entity=1 nodeId='cccccccc-cccc-cccc-cccc-cccccccccccc' bpDictSize=1 inDict=True mgr=False paused=False
22:28:25.103 BREAKPOINT HIT! nodeId='cccccccc-cccc-cccc-cccc-cccccccccccc' entity=1
22:28:25.105 OnNodeEnter entity=1 nodeId='node-a' bpDictSize=0 inDict=False mgr=False paused=False
22:28:25.106 OnNodeEnter entity=2 nodeId='node-b' bpDictSize=0 inDict=False mgr=False paused=False
22:28:25.107 OnNodeEnter entity=1 nodeId='node-c' bpDictSize=0 inDict=False mgr=False paused=False
22:28:25.108 SetBreakpoint nodeIdStr='cccccccc-cccc-cccc-cccc-cccccccccccc' resolved=<NOT-IN-MAP / not probe-eligible> bpCount=2 mgr=False
22:28:25.133   probe-eligible nodes in asset: 
22:28:25.141 OnNodeEnter entity=1 nodeId='cccccccc-cccc-cccc-cccc-cccccccccccc' bpDictSize=1 inDict=True mgr=False paused=False
22:28:25.142 BREAKPOINT HIT! nodeId='cccccccc-cccc-cccc-cccc-cccccccccccc' entity=1
22:28:25.177 SetBreakpoint nodeIdStr='cccccccc-cccc-cccc-cccc-cccccccccccc' assetId=aaaaaaaa-aaaa-aaaa-aaaa-aaaaaaaaaaaa <NO DEBUG MAP REGISTERED> bpCount=2 mgr=False
22:28:25.187 OnNodeEnter entity=1 nodeId='cccccccc-cccc-cccc-cccc-cccccccccccc' bpDictSize=1 inDict=True mgr=False paused=False
22:28:25.188 BREAKPOINT HIT! nodeId='cccccccc-cccc-cccc-cccc-cccccccccccc' entity=1
22:28:25.191 SetBreakpoint nodeIdStr='cccccccc-cccc-cccc-cccc-cccccccccccc' assetId=aaaaaaaa-aaaa-aaaa-aaaa-aaaaaaaaaaaa <NO DEBUG MAP REGISTERED> bpCount=2 mgr=False
22:28:25.192 OnNodeEnter entity=1 nodeId='cccccccc-cccc-cccc-cccc-cccccccccccc' bpDictSize=1 inDict=True mgr=False paused=False
22:28:25.193 BREAKPOINT HIT! nodeId='cccccccc-cccc-cccc-cccc-cccccccccccc' entity=1
22:28:25.194 SetBreakpoint nodeIdStr='cccccccc-cccc-cccc-cccc-cccccccccccc' resolved=<NOT-IN-MAP / not probe-eligible> bpCount=2 mgr=False
22:28:25.195   probe-eligible nodes in asset: 
22:28:25.196 OnNodeEnter entity=1 nodeId='cccccccc-cccc-cccc-cccc-cccccccccccc' bpDictSize=1 inDict=True mgr=False paused=False
22:28:25.197 BREAKPOINT HIT! nodeId='cccccccc-cccc-cccc-cccc-cccccccccccc' entity=1
22:28:25.229 SetBreakpoint nodeIdStr='cccccccc-cccc-cccc-cccc-cccccccccccc' assetId=aaaaaaaa-aaaa-aaaa-aaaa-aaaaaaaaaaaa <NO DEBUG MAP REGISTERED> bpCount=2 mgr=False
22:28:25.237 OnNodeEnter entity=1 nodeId='cccccccc-cccc-cccc-cccc-cccccccccccc' bpDictSize=1 inDict=True mgr=False paused=False
22:28:25.240 BREAKPOINT HIT! nodeId='cccccccc-cccc-cccc-cccc-cccccccccccc' entity=1
22:28:25.241 SetBreakpoint nodeIdStr='cccccccc-cccc-cccc-cccc-cccccccccccc' assetId=aaaaaaaa-aaaa-aaaa-aaaa-aaaaaaaaaaaa <NO DEBUG MAP REGISTERED> bpCount=2 mgr=False
22:28:25.261 SetBreakpoint nodeIdStr='cccccccc-cccc-cccc-cccc-cccccccccccc' assetId=aaaaaaaa-aaaa-aaaa-aaaa-aaaaaaaaaaaa <NO DEBUG MAP REGISTERED> bpCount=2 mgr=False
22:28:25.263 OnNodeEnter entity=1 nodeId='cccccccc-cccc-cccc-cccc-cccccccccccc' bpDictSize=1 inDict=True mgr=False paused=False
22:28:25.264 BREAKPOINT HIT! nodeId='cccccccc-cccc-cccc-cccc-cccccccccccc' entity=1
22:28:25.319 SetBreakpoint nodeIdStr='cccccccc-cccc-cccc-cccc-cccccccccccc' assetId=aaaaaaaa-aaaa-aaaa-aaaa-aaaaaaaaaaaa <NO DEBUG MAP REGISTERED> bpCount=2 mgr=False
22:28:25.320 OnNodeEnter entity=1 nodeId='cccccccc-cccc-cccc-cccc-cccccccccccc' bpDictSize=1 inDict=True mgr=False paused=False
22:28:25.322 BREAKPOINT HIT! nodeId='cccccccc-cccc-cccc-cccc-cccccccccccc' entity=1
22:28:25.323 SetBreakpoint nodeIdStr='cccccccc-cccc-cccc-cccc-cccccccccccc' assetId=aaaaaaaa-aaaa-aaaa-aaaa-aaaaaaaaaaaa <NO DEBUG MAP REGISTERED> bpCount=2 mgr=False
22:28:25.324 SetBreakpoint nodeIdStr='dddddddd-dddd-dddd-dddd-dddddddddddd' assetId=aaaaaaaa-aaaa-aaaa-aaaa-aaaaaaaaaaaa <NO DEBUG MAP REGISTERED> bpCount=3 mgr=False
22:28:25.326 SetBreakpoint nodeIdStr='cccccccc-cccc-cccc-cccc-cccccccccccc' assetId=aaaaaaaa-aaaa-aaaa-aaaa-aaaaaaaaaaaa <NO DEBUG MAP REGISTERED> bpCount=2 mgr=False
22:28:25.328 SetBreakpoint nodeIdStr='cccccccc-cccc-cccc-cccc-cccccccccccc' assetId=aaaaaaaa-aaaa-aaaa-aaaa-aaaaaaaaaaaa <NO DEBUG MAP REGISTERED> bpCount=2 mgr=False
22:28:25.329 SetBreakpoint nodeIdStr='cccccccc-cccc-cccc-cccc-cccccccccccc' assetId=aaaaaaaa-aaaa-aaaa-aaaa-aaaaaaaaaaaa <NO DEBUG MAP REGISTERED> bpCount=2 mgr=False
22:28:25.330 OnNodeEnter entity=1 nodeId='cccccccc-cccc-cccc-cccc-cccccccccccc' bpDictSize=1 inDict=True mgr=False paused=False
22:28:25.331 BREAKPOINT HIT! nodeId='cccccccc-cccc-cccc-cccc-cccccccccccc' entity=1
22:28:25.333 SetBreakpoint nodeIdStr='cccccccc-cccc-cccc-cccc-cccccccccccc' assetId=aaaaaaaa-aaaa-aaaa-aaaa-aaaaaaaaaaaa <NO DEBUG MAP REGISTERED> bpCount=2 mgr=False
22:28:25.333 OnNodeEnter entity=1 nodeId='cccccccc-cccc-cccc-cccc-cccccccccccc' bpDictSize=1 inDict=True mgr=False paused=False
22:28:25.334 BREAKPOINT HIT! nodeId='cccccccc-cccc-cccc-cccc-cccccccccccc' entity=1
22:28:25.336 OnNodeEnter entity=1 nodeId='cccccccc-cccc-cccc-cccc-cccccccccccc' bpDictSize=1 inDict=True mgr=False paused=False
22:28:25.337 BREAKPOINT HIT! nodeId='cccccccc-cccc-cccc-cccc-cccccccccccc' entity=1
22:28:25.338 OnNodeEnter entity=1 nodeId='cccccccc-cccc-cccc-cccc-cccccccccccc' bpDictSize=1 inDict=True mgr=False paused=False
22:28:25.346 BREAKPOINT HIT! nodeId='cccccccc-cccc-cccc-cccc-cccccccccccc' entity=1
22:28:25.347 SetBreakpoint nodeIdStr='cccccccc-cccc-cccc-cccc-cccccccccccc' assetId=aaaaaaaa-aaaa-aaaa-aaaa-aaaaaaaaaaaa <NO DEBUG MAP REGISTERED> bpCount=2 mgr=False
22:28:25.348 OnNodeEnter entity=1 nodeId='cccccccc-cccc-cccc-cccc-cccccccccccc' bpDictSize=1 inDict=True mgr=False paused=False
22:28:25.349 BREAKPOINT HIT! nodeId='cccccccc-cccc-cccc-cccc-cccccccccccc' entity=1
22:28:25.350 OnNodeEnter entity=2 nodeId='cccccccc-cccc-cccc-cccc-cccccccccccc' bpDictSize=1 inDict=True mgr=False paused=True
22:28:25.352 SetBreakpoint nodeIdStr='cccccccc-cccc-cccc-cccc-cccccccccccc' resolved='' kind= bpCount=2 mgr=False
22:28:25.353   probe-eligible nodes in asset: cccccccc-cccc-cccc-cccc-cccccccccccc=''
22:28:52.811 SetBreakpoint nodeIdStr='0b561966-b00b-4c84-a1a0-87042220ba9f' assetId=47fe9c55-c6ca-4c69-9c5a-d46de25745de <NO DEBUG MAP REGISTERED> bpCount=2 mgr=False
22:28:52.812 OnNodeEnter entity=0 nodeId='da9a9c0b-25f8-4a81-9a52-75c715456f18' bpDictSize=1 inDict=False mgr=False paused=False
22:28:52.813 OnNodeEnter entity=0 nodeId='0b561966-b00b-4c84-a1a0-87042220ba9f' bpDictSize=1 inDict=True mgr=False paused=False
22:28:52.814 BREAKPOINT HIT! nodeId='0b561966-b00b-4c84-a1a0-87042220ba9f' entity=0
22:28:52.816 OnNodeEnter entity=1 nodeId='other-node' bpDictSize=0 inDict=False mgr=False paused=False
22:28:52.817 SetBreakpoint nodeIdStr='aaaaaaaa-aaaa-aaaa-aaaa-aaaaaaaaaaaa' assetId=00000000-0000-0000-0000-000000000000 <NO DEBUG MAP REGISTERED> bpCount=2 mgr=False
22:28:52.818 OnNodeEnter entity=1 nodeId='aaaaaaaa-aaaa-aaaa-aaaa-aaaaaaaaaaaa' bpDictSize=1 inDict=True mgr=False paused=False
22:28:52.818 BREAKPOINT HIT! nodeId='aaaaaaaa-aaaa-aaaa-aaaa-aaaaaaaaaaaa' entity=1
22:28:52.819 SetBreakpoint nodeIdStr='f79e6644-de4f-4e08-9b59-fe2a09784f9b' assetId=ab7d4dbf-057d-4da3-b5b4-a5c5e78dc47c <NO DEBUG MAP REGISTERED> bpCount=2 mgr=False
22:28:52.911 SetBreakpoint nodeIdStr='89b879b7-3d3e-a106-ca1c-532bf01c03f7' assetId=75c77dfb-3991-fad3-3049-61217a8d75fb <NO DEBUG MAP REGISTERED> bpCount=2 mgr=False
22:28:52.990 OnNodeEnter entity=0 nodeId='33940bc2-4dc0-2a1f-4ebd-cf64bee1f3b1' bpDictSize=1 inDict=False mgr=False paused=False
22:29:05.471 SetBreakpoint nodeIdStr='cccccccc-cccc-cccc-cccc-cccccccccccc' assetId=aaaaaaaa-aaaa-aaaa-aaaa-aaaaaaaaaaaa <NO DEBUG MAP REGISTERED> bpCount=2 mgr=False
22:29:05.478 OnNodeEnter entity=1 nodeId='cccccccc-cccc-cccc-cccc-cccccccccccc' bpDictSize=1 inDict=True mgr=False paused=False
22:29:05.481 BREAKPOINT HIT! nodeId='cccccccc-cccc-cccc-cccc-cccccccccccc' entity=1
22:29:05.487 OnNodeEnter entity=1 nodeId='still-deep-node' bpDictSize=1 inDict=False mgr=False paused=False
22:29:05.490 OnNodeEnter entity=1 nodeId='shallow-node' bpDictSize=1 inDict=False mgr=False paused=False
22:29:05.491 BREAKPOINT HIT! nodeId='shallow-node' entity=1
22:29:05.502 SetBreakpoint nodeIdStr='cccccccc-cccc-cccc-cccc-cccccccccccc' assetId=aaaaaaaa-aaaa-aaaa-aaaa-aaaaaaaaaaaa <NO DEBUG MAP REGISTERED> bpCount=2 mgr=False
22:29:05.503 OnNodeEnter entity=1 nodeId='cccccccc-cccc-cccc-cccc-cccccccccccc' bpDictSize=1 inDict=True mgr=False paused=False
22:29:05.505 BREAKPOINT HIT! nodeId='cccccccc-cccc-cccc-cccc-cccccccccccc' entity=1
22:29:05.506 OnNodeEnter entity=1 nodeId='any-node' bpDictSize=1 inDict=False mgr=False paused=False
22:29:05.507 BREAKPOINT HIT! nodeId='any-node' entity=1
22:29:05.509 SetBreakpoint nodeIdStr='cccccccc-cccc-cccc-cccc-cccccccccccc' assetId=aaaaaaaa-aaaa-aaaa-aaaa-aaaaaaaaaaaa <NO DEBUG MAP REGISTERED> bpCount=2 mgr=False
22:29:05.510 OnNodeEnter entity=1 nodeId='cccccccc-cccc-cccc-cccc-cccccccccccc' bpDictSize=1 inDict=True mgr=False paused=False
22:29:05.512 BREAKPOINT HIT! nodeId='cccccccc-cccc-cccc-cccc-cccccccccccc' entity=1
22:29:05.514 SetBreakpoint nodeIdStr='cccccccc-cccc-cccc-cccc-cccccccccccc' assetId=aaaaaaaa-aaaa-aaaa-aaaa-aaaaaaaaaaaa <NO DEBUG MAP REGISTERED> bpCount=2 mgr=False
22:29:05.515 OnNodeEnter entity=1 nodeId='cccccccc-cccc-cccc-cccc-cccccccccccc' bpDictSize=1 inDict=True mgr=False paused=False
22:29:05.516 BREAKPOINT HIT! nodeId='cccccccc-cccc-cccc-cccc-cccccccccccc' entity=1
22:29:05.517 OnNodeEnter entity=1 nodeId='next-node' bpDictSize=1 inDict=False mgr=False paused=False
22:29:05.520 BREAKPOINT HIT! nodeId='next-node' entity=1
22:29:05.522 SetBreakpoint nodeIdStr='cccccccc-cccc-cccc-cccc-cccccccccccc' assetId=aaaaaaaa-aaaa-aaaa-aaaa-aaaaaaaaaaaa <NO DEBUG MAP REGISTERED> bpCount=2 mgr=False
22:29:05.524 OnNodeEnter entity=1 nodeId='cccccccc-cccc-cccc-cccc-cccccccccccc' bpDictSize=1 inDict=True mgr=False paused=False
22:29:05.525 BREAKPOINT HIT! nodeId='cccccccc-cccc-cccc-cccc-cccccccccccc' entity=1
22:29:05.582 SetBreakpoint nodeIdStr='cccccccc-cccc-cccc-cccc-cccccccccccc' assetId=aaaaaaaa-aaaa-aaaa-aaaa-aaaaaaaaaaaa <NO DEBUG MAP REGISTERED> bpCount=2 mgr=False
22:29:05.583 OnNodeEnter entity=1 nodeId='cccccccc-cccc-cccc-cccc-cccccccccccc' bpDictSize=1 inDict=True mgr=False paused=False
22:29:05.586 BREAKPOINT HIT! nodeId='cccccccc-cccc-cccc-cccc-cccccccccccc' entity=1
22:29:05.588 SetBreakpoint nodeIdStr='cccccccc-cccc-cccc-cccc-cccccccccccc' assetId=aaaaaaaa-aaaa-aaaa-aaaa-aaaaaaaaaaaa <NO DEBUG MAP REGISTERED> bpCount=2 mgr=False
22:29:05.589 OnNodeEnter entity=1 nodeId='cccccccc-cccc-cccc-cccc-cccccccccccc' bpDictSize=1 inDict=True mgr=False paused=False
22:29:05.590 BREAKPOINT HIT! nodeId='cccccccc-cccc-cccc-cccc-cccccccccccc' entity=1
22:29:05.600 SetBreakpoint nodeIdStr='cccccccc-cccc-cccc-cccc-cccccccccccc' assetId=aaaaaaaa-aaaa-aaaa-aaaa-aaaaaaaaaaaa <NO DEBUG MAP REGISTERED> bpCount=2 mgr=False
22:29:05.615 SetBreakpoint nodeIdStr='cccccccc-cccc-cccc-cccc-cccccccccccc' assetId=aaaaaaaa-aaaa-aaaa-aaaa-aaaaaaaaaaaa <NO DEBUG MAP REGISTERED> bpCount=2 mgr=False
22:29:05.618 OnNodeEnter entity=1 nodeId='cccccccc-cccc-cccc-cccc-cccccccccccc' bpDictSize=1 inDict=True mgr=False paused=False
22:29:05.620 BREAKPOINT HIT! nodeId='cccccccc-cccc-cccc-cccc-cccccccccccc' entity=1
22:29:05.622 SetBreakpoint nodeIdStr='cccccccc-cccc-cccc-cccc-cccccccccccc' assetId=aaaaaaaa-aaaa-aaaa-aaaa-aaaaaaaaaaaa <NO DEBUG MAP REGISTERED> bpCount=2 mgr=False
22:29:05.622 SetBreakpoint nodeIdStr='dddddddd-dddd-dddd-dddd-dddddddddddd' assetId=aaaaaaaa-aaaa-aaaa-aaaa-aaaaaaaaaaaa <NO DEBUG MAP REGISTERED> bpCount=3 mgr=False
22:29:05.625 SetBreakpoint nodeIdStr='cccccccc-cccc-cccc-cccc-cccccccccccc' assetId=aaaaaaaa-aaaa-aaaa-aaaa-aaaaaaaaaaaa <NO DEBUG MAP REGISTERED> bpCount=2 mgr=False
22:29:05.628 OnNodeEnter entity=1 nodeId='cccccccc-cccc-cccc-cccc-cccccccccccc' bpDictSize=0 inDict=False mgr=False paused=False
22:29:05.631 SetBreakpoint nodeIdStr='cccccccc-cccc-cccc-cccc-cccccccccccc' assetId=aaaaaaaa-aaaa-aaaa-aaaa-aaaaaaaaaaaa <NO DEBUG MAP REGISTERED> bpCount=2 mgr=False
22:29:05.632 OnNodeEnter entity=1 nodeId='cccccccc-cccc-cccc-cccc-cccccccccccc' bpDictSize=1 inDict=True mgr=False paused=False
22:29:05.635 BREAKPOINT HIT! nodeId='cccccccc-cccc-cccc-cccc-cccccccccccc' entity=1
22:29:05.639 SetBreakpoint nodeIdStr='cccccccc-cccc-cccc-cccc-cccccccccccc' assetId=aaaaaaaa-aaaa-aaaa-aaaa-aaaaaaaaaaaa <NO DEBUG MAP REGISTERED> bpCount=2 mgr=False
22:29:05.644 OnNodeEnter entity=1 nodeId='cccccccc-cccc-cccc-cccc-cccccccccccc' bpDictSize=1 inDict=True mgr=False paused=False
22:29:05.646 BREAKPOINT HIT! nodeId='cccccccc-cccc-cccc-cccc-cccccccccccc' entity=1
22:29:05.647 OnNodeEnter entity=1 nodeId='cccccccc-cccc-cccc-cccc-cccccccccccc' bpDictSize=1 inDict=True mgr=False paused=False
22:29:05.648 BREAKPOINT HIT! nodeId='cccccccc-cccc-cccc-cccc-cccccccccccc' entity=1
22:29:05.649 OnNodeEnter entity=1 nodeId='cccccccc-cccc-cccc-cccc-cccccccccccc' bpDictSize=1 inDict=True mgr=False paused=False
22:29:05.650 BREAKPOINT HIT! nodeId='cccccccc-cccc-cccc-cccc-cccccccccccc' entity=1
22:29:05.677 OnNodeEnter entity=1 nodeId='node-a' bpDictSize=0 inDict=False mgr=False paused=False
22:29:05.678 SetBreakpoint nodeIdStr='cccccccc-cccc-cccc-cccc-cccccccccccc' assetId=aaaaaaaa-aaaa-aaaa-aaaa-aaaaaaaaaaaa <NO DEBUG MAP REGISTERED> bpCount=2 mgr=False
22:29:05.679 OnNodeEnter entity=1 nodeId='cccccccc-cccc-cccc-cccc-cccccccccccc' bpDictSize=1 inDict=True mgr=False paused=False
22:29:05.680 BREAKPOINT HIT! nodeId='cccccccc-cccc-cccc-cccc-cccccccccccc' entity=1
22:29:05.696 OnNodeEnter entity=2 nodeId='cccccccc-cccc-cccc-cccc-cccccccccccc' bpDictSize=1 inDict=True mgr=False paused=True
22:29:05.703 SetBreakpoint nodeIdStr='cccccccc-cccc-cccc-cccc-cccccccccccc' resolved='' kind= bpCount=2 mgr=False
22:29:05.706   probe-eligible nodes in asset: cccccccc-cccc-cccc-cccc-cccccccccccc=''
22:29:05.833 OnNodeEnter entity=1 nodeId='node-001' bpDictSize=0 inDict=False mgr=False paused=False
22:29:05.834 OnNodeEnter entity=1 nodeId='node-002' bpDictSize=0 inDict=False mgr=False paused=False
22:29:05.835 OnNodeEnter entity=1 nodeId='node-003' bpDictSize=0 inDict=False mgr=False paused=False
22:29:05.836 OnNodeEnter entity=1 nodeId='node-004' bpDictSize=0 inDict=False mgr=False paused=False
22:29:05.837 OnNodeEnter entity=1 nodeId='node-005' bpDictSize=0 inDict=False mgr=False paused=False
22:29:05.838 OnNodeEnter entity=1 nodeId='node-006' bpDictSize=0 inDict=False mgr=False paused=False
22:29:05.839 OnNodeEnter entity=1 nodeId='node-007' bpDictSize=0 inDict=False mgr=False paused=False
22:29:05.840 OnNodeEnter entity=1 nodeId='node-008' bpDictSize=0 inDict=False mgr=False paused=False
22:29:05.841 OnNodeEnter entity=1 nodeId='node-009' bpDictSize=0 inDict=False mgr=False paused=False
22:29:05.851 OnNodeEnter entity=1 nodeId='node-010' bpDictSize=0 inDict=False mgr=False paused=False
22:29:05.852 OnNodeEnter entity=1 nodeId='node-011' bpDictSize=0 inDict=False mgr=False paused=False
22:29:05.853 OnNodeEnter entity=1 nodeId='node-012' bpDictSize=0 inDict=False mgr=False paused=False
22:29:05.854 OnNodeEnter entity=1 nodeId='node-013' bpDictSize=0 inDict=False mgr=False paused=False
22:29:05.855 OnNodeEnter entity=1 nodeId='node-014' bpDictSize=0 inDict=False mgr=False paused=False
22:29:05.856 OnNodeEnter entity=1 nodeId='node-015' bpDictSize=0 inDict=False mgr=False paused=False
22:29:05.857 OnNodeEnter entity=1 nodeId='node-016' bpDictSize=0 inDict=False mgr=False paused=False
22:29:05.858 OnNodeEnter entity=1 nodeId='node-017' bpDictSize=0 inDict=False mgr=False paused=False
22:29:05.859 OnNodeEnter entity=1 nodeId='node-018' bpDictSize=0 inDict=False mgr=False paused=False
22:29:05.860 OnNodeEnter entity=1 nodeId='node-019' bpDictSize=0 inDict=False mgr=False paused=False
22:29:05.861 OnNodeEnter entity=1 nodeId='node-020' bpDictSize=0 inDict=False mgr=False paused=False
22:29:05.862 OnNodeEnter entity=1 nodeId='node-021' bpDictSize=0 inDict=False mgr=False paused=False
22:29:05.863 OnNodeEnter entity=1 nodeId='node-022' bpDictSize=0 inDict=False mgr=False paused=False
22:29:05.865 OnNodeEnter entity=1 nodeId='node-023' bpDictSize=0 inDict=False mgr=False paused=False
22:29:05.866 SetBreakpoint nodeIdStr='cccccccc-cccc-cccc-cccc-cccccccccccc' resolved=<NOT-IN-MAP / not probe-eligible> bpCount=2 mgr=False
22:29:05.867   probe-eligible nodes in asset: 
22:29:05.868 OnNodeEnter entity=1 nodeId='a' bpDictSize=0 inDict=False mgr=False paused=False
22:29:05.869 OnNodeEnter entity=2 nodeId='b' bpDictSize=0 inDict=False mgr=False paused=False
22:29:05.870 OnNodeEnter entity=1 nodeId='c' bpDictSize=0 inDict=False mgr=False paused=False
22:29:05.872 SetBreakpoint nodeIdStr='cccccccc-cccc-cccc-cccc-cccccccccccc' resolved=<NOT-IN-MAP / not probe-eligible> bpCount=2 mgr=False
22:29:05.879 OnNodeEnter entity=1 nodeId='node-a' bpDictSize=0 inDict=False mgr=False paused=False
22:29:05.880 OnNodeEnter entity=1 nodeId='node-a' bpDictSize=0 inDict=False mgr=False paused=False
22:29:05.881 OnNodeEnter entity=2 nodeId='node-b' bpDictSize=0 inDict=False mgr=False paused=False
22:29:05.884 OnNodeEnter entity=1 nodeId='some-node-id' bpDictSize=0 inDict=False mgr=False paused=False
22:29:05.886 OnNodeEnter entity=1 nodeId='node-1' bpDictSize=0 inDict=False mgr=False paused=False
22:29:05.887 SetBreakpoint nodeIdStr='cccccccc-cccc-cccc-cccc-cccccccccccc' assetId=aaaaaaaa-aaaa-aaaa-aaaa-aaaaaaaaaaaa <NO DEBUG MAP REGISTERED> bpCount=2 mgr=False
22:29:05.888 OnNodeEnter entity=1 nodeId='cccccccc-cccc-cccc-cccc-cccccccccccc' bpDictSize=1 inDict=True mgr=False paused=False
22:29:05.889 BREAKPOINT HIT! nodeId='cccccccc-cccc-cccc-cccc-cccccccccccc' entity=1
22:29:05.891 OnNodeEnter entity=1 nodeId='some-node' bpDictSize=1 inDict=False mgr=False paused=False
22:29:05.893 OnNodeEnter entity=1 nodeId='next-tick-node' bpDictSize=1 inDict=False mgr=False paused=False
22:29:05.895 BREAKPOINT HIT! nodeId='next-tick-node' entity=1
22:29:05.917 SetBreakpoint nodeIdStr='cccccccc-cccc-cccc-cccc-cccccccccccc' assetId=aaaaaaaa-aaaa-aaaa-aaaa-aaaaaaaaaaaa <NO DEBUG MAP REGISTERED> bpCount=2 mgr=False
22:29:05.919 OnNodeEnter entity=1 nodeId='cccccccc-cccc-cccc-cccc-cccccccccccc' bpDictSize=1 inDict=True mgr=False paused=False
22:29:05.920 BREAKPOINT HIT! nodeId='cccccccc-cccc-cccc-cccc-cccccccccccc' entity=1
22:29:05.921 OnNodeEnter entity=1 nodeId='ghost-node' bpDictSize=1 inDict=False mgr=False paused=False
22:29:05.935 SetBreakpoint nodeIdStr='cccccccc-cccc-cccc-cccc-cccccccccccc' assetId=aaaaaaaa-aaaa-aaaa-aaaa-aaaaaaaaaaaa <NO DEBUG MAP REGISTERED> bpCount=2 mgr=False
22:29:05.936 OnNodeEnter entity=1 nodeId='cccccccc-cccc-cccc-cccc-cccccccccccc' bpDictSize=1 inDict=True mgr=False paused=False
22:29:05.937 BREAKPOINT HIT! nodeId='cccccccc-cccc-cccc-cccc-cccccccccccc' entity=1
22:29:05.940 SetBreakpoint nodeIdStr='cccccccc-cccc-cccc-cccc-cccccccccccc' resolved=<NOT-IN-MAP / not probe-eligible> bpCount=2 mgr=False
22:29:05.941   probe-eligible nodes in asset: 
22:29:05.943 OnNodeEnter entity=1 nodeId='cccccccc-cccc-cccc-cccc-cccccccccccc' bpDictSize=1 inDict=True mgr=False paused=False
22:29:05.944 BREAKPOINT HIT! nodeId='cccccccc-cccc-cccc-cccc-cccccccccccc' entity=1
22:29:05.946 SetBreakpoint nodeIdStr='cccccccc-cccc-cccc-cccc-cccccccccccc' assetId=aaaaaaaa-aaaa-aaaa-aaaa-aaaaaaaaaaaa <NO DEBUG MAP REGISTERED> bpCount=2 mgr=False
22:29:05.947 OnNodeEnter entity=1 nodeId='cccccccc-cccc-cccc-cccc-cccccccccccc' bpDictSize=1 inDict=True mgr=False paused=False
22:29:05.948 BREAKPOINT HIT! nodeId='cccccccc-cccc-cccc-cccc-cccccccccccc' entity=1
22:29:05.950 SetBreakpoint nodeIdStr='cccccccc-cccc-cccc-cccc-cccccccccccc' assetId=aaaaaaaa-aaaa-aaaa-aaaa-aaaaaaaaaaaa <NO DEBUG MAP REGISTERED> bpCount=2 mgr=False
22:29:05.952 OnNodeEnter entity=1 nodeId='cccccccc-cccc-cccc-cccc-cccccccccccc' bpDictSize=1 inDict=True mgr=False paused=False
22:29:05.953 BREAKPOINT HIT! nodeId='cccccccc-cccc-cccc-cccc-cccccccccccc' entity=1
22:29:05.954 SetBreakpoint nodeIdStr='cccccccc-cccc-cccc-cccc-cccccccccccc' resolved=<NOT-IN-MAP / not probe-eligible> bpCount=2 mgr=False
22:29:05.956   probe-eligible nodes in asset: 
22:29:05.957 OnNodeEnter entity=1 nodeId='cccccccc-cccc-cccc-cccc-cccccccccccc' bpDictSize=1 inDict=True mgr=False paused=False
22:29:05.957 BREAKPOINT HIT! nodeId='cccccccc-cccc-cccc-cccc-cccccccccccc' entity=1
22:29:32.865 SetBreakpoint nodeIdStr='0b561966-b00b-4c84-a1a0-87042220ba9f' assetId=47fe9c55-c6ca-4c69-9c5a-d46de25745de <NO DEBUG MAP REGISTERED> bpCount=2 mgr=False
22:29:32.867 OnNodeEnter entity=0 nodeId='da9a9c0b-25f8-4a81-9a52-75c715456f18' bpDictSize=1 inDict=False mgr=False paused=False
22:29:32.868 OnNodeEnter entity=0 nodeId='0b561966-b00b-4c84-a1a0-87042220ba9f' bpDictSize=1 inDict=True mgr=False paused=False
22:29:32.869 BREAKPOINT HIT! nodeId='0b561966-b00b-4c84-a1a0-87042220ba9f' entity=0
22:29:32.873 OnNodeEnter entity=1 nodeId='other-node' bpDictSize=0 inDict=False mgr=False paused=False
22:29:32.875 SetBreakpoint nodeIdStr='aaaaaaaa-aaaa-aaaa-aaaa-aaaaaaaaaaaa' assetId=00000000-0000-0000-0000-000000000000 <NO DEBUG MAP REGISTERED> bpCount=2 mgr=False
22:29:32.875 OnNodeEnter entity=1 nodeId='aaaaaaaa-aaaa-aaaa-aaaa-aaaaaaaaaaaa' bpDictSize=1 inDict=True mgr=False paused=False
22:29:32.876 BREAKPOINT HIT! nodeId='aaaaaaaa-aaaa-aaaa-aaaa-aaaaaaaaaaaa' entity=1
22:29:32.876 SetBreakpoint nodeIdStr='1984c55b-bd4f-46e9-91bf-8bdd452c15ec' assetId=12155000-0e85-4cca-ab1f-c797517ebd7a <NO DEBUG MAP REGISTERED> bpCount=2 mgr=False
22:29:32.971 SetBreakpoint nodeIdStr='89b879b7-3d3e-a106-ca1c-532bf01c03f7' assetId=75c77dfb-3991-fad3-3049-61217a8d75fb <NO DEBUG MAP REGISTERED> bpCount=2 mgr=False
22:29:33.052 OnNodeEnter entity=0 nodeId='33940bc2-4dc0-2a1f-4ebd-cf64bee1f3b1' bpDictSize=1 inDict=False mgr=False paused=False
22:30:01.710 SetBreakpoint nodeIdStr='89b879b7-3d3e-a106-ca1c-532bf01c03f7' assetId=75c77dfb-3991-fad3-3049-61217a8d75fb <NO DEBUG MAP REGISTERED> bpCount=2 mgr=False
22:30:01.812 OnNodeEnter entity=0 nodeId='33940bc2-4dc0-2a1f-4ebd-cf64bee1f3b1' bpDictSize=1 inDict=False mgr=False paused=False
22:31:18.732 SetBreakpoint nodeIdStr='0b561966-b00b-4c84-a1a0-87042220ba9f' assetId=47fe9c55-c6ca-4c69-9c5a-d46de25745de <NO DEBUG MAP REGISTERED> bpCount=2 mgr=False
22:31:18.742 OnNodeEnter entity=0 nodeId='da9a9c0b-25f8-4a81-9a52-75c715456f18' bpDictSize=1 inDict=False mgr=False paused=False
22:31:18.743 OnNodeEnter entity=0 nodeId='20000006-0000-0000-0000-000000000004' bpDictSize=1 inDict=False mgr=False paused=False
22:31:18.744 OnNodeEnter entity=0 nodeId='0b561966-b00b-4c84-a1a0-87042220ba9f' bpDictSize=1 inDict=True mgr=False paused=False
22:31:18.745 BREAKPOINT HIT! nodeId='0b561966-b00b-4c84-a1a0-87042220ba9f' entity=0
22:31:52.845 SetBreakpoint nodeIdStr='cccccccc-cccc-cccc-cccc-cccccccccccc' assetId=aaaaaaaa-aaaa-aaaa-aaaa-aaaaaaaaaaaa <NO DEBUG MAP REGISTERED> bpCount=2 mgr=False
22:31:52.849 OnNodeEnter entity=1 nodeId='cccccccc-cccc-cccc-cccc-cccccccccccc' bpDictSize=1 inDict=True mgr=False paused=False
22:31:52.853 BREAKPOINT HIT! nodeId='cccccccc-cccc-cccc-cccc-cccccccccccc' entity=1
22:31:52.864 SetBreakpoint nodeIdStr='cccccccc-cccc-cccc-cccc-cccccccccccc' assetId=aaaaaaaa-aaaa-aaaa-aaaa-aaaaaaaaaaaa <NO DEBUG MAP REGISTERED> bpCount=2 mgr=False
22:31:52.865 OnNodeEnter entity=1 nodeId='a' bpDictSize=0 inDict=False mgr=False paused=False
22:31:52.866 OnNodeEnter entity=2 nodeId='b' bpDictSize=0 inDict=False mgr=False paused=False
22:31:52.868 OnNodeEnter entity=1 nodeId='c' bpDictSize=0 inDict=False mgr=False paused=False
22:31:52.869 SetBreakpoint nodeIdStr='cccccccc-cccc-cccc-cccc-cccccccccccc' assetId=aaaaaaaa-aaaa-aaaa-aaaa-aaaaaaaaaaaa <NO DEBUG MAP REGISTERED> bpCount=2 mgr=False
22:31:52.874 OnNodeEnter entity=1 nodeId='node-a' bpDictSize=0 inDict=False mgr=False paused=False
22:31:52.875 OnNodeEnter entity=1 nodeId='node-a' bpDictSize=0 inDict=False mgr=False paused=False
22:31:52.876 OnNodeEnter entity=2 nodeId='node-b' bpDictSize=0 inDict=False mgr=False paused=False
22:31:52.884 OnNodeEnter entity=1 nodeId='some-node-id' bpDictSize=0 inDict=False mgr=False paused=False
22:31:52.894 OnNodeEnter entity=1 nodeId='node-1' bpDictSize=0 inDict=False mgr=False paused=False
22:31:52.935 SetBreakpoint nodeIdStr='cccccccc-cccc-cccc-cccc-cccccccccccc' assetId=aaaaaaaa-aaaa-aaaa-aaaa-aaaaaaaaaaaa <NO DEBUG MAP REGISTERED> bpCount=2 mgr=False
22:31:52.938 OnNodeEnter entity=1 nodeId='cccccccc-cccc-cccc-cccc-cccccccccccc' bpDictSize=1 inDict=True mgr=False paused=False
22:31:52.939 BREAKPOINT HIT! nodeId='cccccccc-cccc-cccc-cccc-cccccccccccc' entity=1
22:31:52.940 SetBreakpoint nodeIdStr='cccccccc-cccc-cccc-cccc-cccccccccccc' assetId=aaaaaaaa-aaaa-aaaa-aaaa-aaaaaaaaaaaa <NO DEBUG MAP REGISTERED> bpCount=2 mgr=False
22:31:52.941 SetBreakpoint nodeIdStr='dddddddd-dddd-dddd-dddd-dddddddddddd' assetId=aaaaaaaa-aaaa-aaaa-aaaa-aaaaaaaaaaaa <NO DEBUG MAP REGISTERED> bpCount=3 mgr=False
22:31:52.945 SetBreakpoint nodeIdStr='cccccccc-cccc-cccc-cccc-cccccccccccc' assetId=aaaaaaaa-aaaa-aaaa-aaaa-aaaaaaaaaaaa <NO DEBUG MAP REGISTERED> bpCount=2 mgr=False
22:31:52.947 OnNodeEnter entity=1 nodeId='cccccccc-cccc-cccc-cccc-cccccccccccc' bpDictSize=0 inDict=False mgr=False paused=False
22:31:52.949 SetBreakpoint nodeIdStr='cccccccc-cccc-cccc-cccc-cccccccccccc' assetId=aaaaaaaa-aaaa-aaaa-aaaa-aaaaaaaaaaaa <NO DEBUG MAP REGISTERED> bpCount=2 mgr=False
22:31:52.950 OnNodeEnter entity=1 nodeId='cccccccc-cccc-cccc-cccc-cccccccccccc' bpDictSize=1 inDict=True mgr=False paused=False
22:31:52.951 BREAKPOINT HIT! nodeId='cccccccc-cccc-cccc-cccc-cccccccccccc' entity=1
22:31:52.955 SetBreakpoint nodeIdStr='cccccccc-cccc-cccc-cccc-cccccccccccc' assetId=aaaaaaaa-aaaa-aaaa-aaaa-aaaaaaaaaaaa <NO DEBUG MAP REGISTERED> bpCount=2 mgr=False
22:31:52.957 SetBreakpoint nodeIdStr='cccccccc-cccc-cccc-cccc-cccccccccccc' assetId=aaaaaaaa-aaaa-aaaa-aaaa-aaaaaaaaaaaa <NO DEBUG MAP REGISTERED> bpCount=2 mgr=False
22:31:52.958 SetBreakpoint nodeIdStr='cccccccc-cccc-cccc-cccc-cccccccccccc' assetId=aaaaaaaa-aaaa-aaaa-aaaa-aaaaaaaaaaaa <NO DEBUG MAP REGISTERED> bpCount=2 mgr=False
22:31:52.959 OnNodeEnter entity=1 nodeId='cccccccc-cccc-cccc-cccc-cccccccccccc' bpDictSize=1 inDict=True mgr=False paused=False
22:31:52.966 BREAKPOINT HIT! nodeId='cccccccc-cccc-cccc-cccc-cccccccccccc' entity=1
22:31:52.969 SetBreakpoint nodeIdStr='cccccccc-cccc-cccc-cccc-cccccccccccc' resolved=<NOT-IN-MAP / not probe-eligible> bpCount=2 mgr=False
22:31:52.969 OnNodeEnter entity=2 nodeId='cccccccc-cccc-cccc-cccc-cccccccccccc' bpDictSize=1 inDict=True mgr=False paused=True
22:31:52.972   probe-eligible nodes in asset: 
22:31:52.974 SetBreakpoint nodeIdStr='cccccccc-cccc-cccc-cccc-cccccccccccc' resolved='' kind= bpCount=2 mgr=False
22:31:52.975 SetBreakpoint nodeIdStr='cccccccc-cccc-cccc-cccc-cccccccccccc' resolved=<NOT-IN-MAP / not probe-eligible> bpCount=2 mgr=False
22:31:52.976   probe-eligible nodes in asset: 
22:31:52.989   probe-eligible nodes in asset: cccccccc-cccc-cccc-cccc-cccccccccccc=''
22:31:52.999 SetBreakpoint nodeIdStr='cccccccc-cccc-cccc-cccc-cccccccccccc' assetId=aaaaaaaa-aaaa-aaaa-aaaa-aaaaaaaaaaaa <NO DEBUG MAP REGISTERED> bpCount=2 mgr=False
22:31:53.001 SetBreakpoint nodeIdStr='cccccccc-cccc-cccc-cccc-cccccccccccc' resolved=<NOT-IN-MAP / not probe-eligible> bpCount=2 mgr=False
22:31:53.002   probe-eligible nodes in asset: 
22:31:53.023 SetBreakpoint nodeIdStr='cccccccc-cccc-cccc-cccc-cccccccccccc' assetId=aaaaaaaa-aaaa-aaaa-aaaa-aaaaaaaaaaaa <NO DEBUG MAP REGISTERED> bpCount=2 mgr=False
22:31:53.040 OnNodeEnter entity=1 nodeId='cccccccc-cccc-cccc-cccc-cccccccccccc' bpDictSize=1 inDict=True mgr=False paused=False
22:31:53.041 BREAKPOINT HIT! nodeId='cccccccc-cccc-cccc-cccc-cccccccccccc' entity=1
22:31:53.043 OnNodeEnter entity=1 nodeId='some-node' bpDictSize=1 inDict=False mgr=False paused=False
22:31:53.047 OnNodeEnter entity=1 nodeId='next-tick-node' bpDictSize=1 inDict=False mgr=False paused=False
22:31:53.048 BREAKPOINT HIT! nodeId='next-tick-node' entity=1
22:31:53.051 SetBreakpoint nodeIdStr='cccccccc-cccc-cccc-cccc-cccccccccccc' assetId=aaaaaaaa-aaaa-aaaa-aaaa-aaaaaaaaaaaa <NO DEBUG MAP REGISTERED> bpCount=2 mgr=False
22:31:53.052 OnNodeEnter entity=1 nodeId='cccccccc-cccc-cccc-cccc-cccccccccccc' bpDictSize=1 inDict=True mgr=False paused=False
22:31:53.053 BREAKPOINT HIT! nodeId='cccccccc-cccc-cccc-cccc-cccccccccccc' entity=1
22:31:53.054 OnNodeEnter entity=1 nodeId='ghost-node' bpDictSize=1 inDict=False mgr=False paused=False
22:31:53.057 SetBreakpoint nodeIdStr='cccccccc-cccc-cccc-cccc-cccccccccccc' assetId=aaaaaaaa-aaaa-aaaa-aaaa-aaaaaaaaaaaa <NO DEBUG MAP REGISTERED> bpCount=2 mgr=False
22:31:53.058 OnNodeEnter entity=1 nodeId='cccccccc-cccc-cccc-cccc-cccccccccccc' bpDictSize=1 inDict=True mgr=False paused=False
22:31:53.059 BREAKPOINT HIT! nodeId='cccccccc-cccc-cccc-cccc-cccccccccccc' entity=1
22:31:53.077 SetBreakpoint nodeIdStr='cccccccc-cccc-cccc-cccc-cccccccccccc' resolved=<NOT-IN-MAP / not probe-eligible> bpCount=2 mgr=False
22:31:53.078   probe-eligible nodes in asset: 
22:31:53.079 OnNodeEnter entity=1 nodeId='cccccccc-cccc-cccc-cccc-cccccccccccc' bpDictSize=1 inDict=True mgr=False paused=False
22:31:53.080 BREAKPOINT HIT! nodeId='cccccccc-cccc-cccc-cccc-cccccccccccc' entity=1
22:31:53.082 SetBreakpoint nodeIdStr='cccccccc-cccc-cccc-cccc-cccccccccccc' assetId=aaaaaaaa-aaaa-aaaa-aaaa-aaaaaaaaaaaa <NO DEBUG MAP REGISTERED> bpCount=2 mgr=False
22:31:53.083 OnNodeEnter entity=1 nodeId='cccccccc-cccc-cccc-cccc-cccccccccccc' bpDictSize=1 inDict=True mgr=False paused=False
22:31:53.091 BREAKPOINT HIT! nodeId='cccccccc-cccc-cccc-cccc-cccccccccccc' entity=1
22:31:53.093 SetBreakpoint nodeIdStr='cccccccc-cccc-cccc-cccc-cccccccccccc' assetId=aaaaaaaa-aaaa-aaaa-aaaa-aaaaaaaaaaaa <NO DEBUG MAP REGISTERED> bpCount=2 mgr=False
22:31:53.094 OnNodeEnter entity=1 nodeId='cccccccc-cccc-cccc-cccc-cccccccccccc' bpDictSize=1 inDict=True mgr=False paused=False
22:31:53.095 BREAKPOINT HIT! nodeId='cccccccc-cccc-cccc-cccc-cccccccccccc' entity=1
22:31:53.097 SetBreakpoint nodeIdStr='cccccccc-cccc-cccc-cccc-cccccccccccc' resolved=<NOT-IN-MAP / not probe-eligible> bpCount=2 mgr=False
22:31:53.132   probe-eligible nodes in asset: 
22:31:53.133 OnNodeEnter entity=1 nodeId='cccccccc-cccc-cccc-cccc-cccccccccccc' bpDictSize=1 inDict=True mgr=False paused=False
22:31:53.134 BREAKPOINT HIT! nodeId='cccccccc-cccc-cccc-cccc-cccccccccccc' entity=1
22:31:53.359 SetBreakpoint nodeIdStr='cccccccc-cccc-cccc-cccc-cccccccccccc' resolved=<NOT-IN-MAP / not probe-eligible> bpCount=2 mgr=False
22:31:53.360   probe-eligible nodes in asset: 
22:31:53.362 SetBreakpoint nodeIdStr='dddddddd-dddd-dddd-dddd-dddddddddddd' resolved=<NOT-IN-MAP / not probe-eligible> bpCount=3 mgr=False
22:31:53.363   probe-eligible nodes in asset: 
22:31:53.364 SetBreakpoint nodeIdStr='eeeeeeee-eeee-eeee-eeee-eeeeeeeeeeee' assetId=bbbbbbbb-bbbb-bbbb-bbbb-bbbbbbbbbbbb <NO DEBUG MAP REGISTERED> bpCount=4 mgr=False
22:31:53.373 SetBreakpoint nodeIdStr='cccccccc-cccc-cccc-cccc-cccccccccccc' assetId=aaaaaaaa-aaaa-aaaa-aaaa-aaaaaaaaaaaa <NO DEBUG MAP REGISTERED> bpCount=2 mgr=False
22:31:53.407 OnNodeEnter entity=1 nodeId='cccccccc-cccc-cccc-cccc-cccccccccccc' bpDictSize=1 inDict=True mgr=False paused=False
22:31:53.408 BREAKPOINT HIT! nodeId='cccccccc-cccc-cccc-cccc-cccccccccccc' entity=1
22:31:53.409 OnNodeEnter entity=1 nodeId='still-deep-node' bpDictSize=1 inDict=False mgr=False paused=False
22:31:53.412 OnNodeEnter entity=1 nodeId='node-a' bpDictSize=0 inDict=False mgr=False paused=False
22:31:53.414 OnNodeEnter entity=2 nodeId='node-b' bpDictSize=0 inDict=False mgr=False paused=False
22:31:53.415 OnNodeEnter entity=1 nodeId='node-c' bpDictSize=0 inDict=False mgr=False paused=False
22:31:53.416 SetBreakpoint nodeIdStr='cccccccc-cccc-cccc-cccc-cccccccccccc' assetId=aaaaaaaa-aaaa-aaaa-aaaa-aaaaaaaaaaaa <NO DEBUG MAP REGISTERED> bpCount=2 mgr=False
22:31:53.417 OnNodeEnter entity=1 nodeId='cccccccc-cccc-cccc-cccc-cccccccccccc' bpDictSize=1 inDict=True mgr=False paused=False
22:31:53.419 BREAKPOINT HIT! nodeId='cccccccc-cccc-cccc-cccc-cccccccccccc' entity=1
22:31:53.420 OnNodeEnter entity=1 nodeId='next-node' bpDictSize=1 inDict=False mgr=False paused=False
22:31:53.421 BREAKPOINT HIT! nodeId='next-node' entity=1
22:32:22.045 SetBreakpoint nodeIdStr='0b561966-b00b-4c84-a1a0-87042220ba9f' assetId=47fe9c55-c6ca-4c69-9c5a-d46de25745de <NO DEBUG MAP REGISTERED> bpCount=2 mgr=False
22:32:22.046 OnNodeEnter entity=0 nodeId='da9a9c0b-25f8-4a81-9a52-75c715456f18' bpDictSize=1 inDict=False mgr=False paused=False
22:32:22.047 OnNodeEnter entity=0 nodeId='20000006-0000-0000-0000-000000000004' bpDictSize=1 inDict=False mgr=False paused=False
22:32:22.048 OnNodeEnter entity=0 nodeId='0b561966-b00b-4c84-a1a0-87042220ba9f' bpDictSize=1 inDict=True mgr=False paused=False
22:32:22.048 BREAKPOINT HIT! nodeId='0b561966-b00b-4c84-a1a0-87042220ba9f' entity=0
22:32:22.052 OnNodeEnter entity=1 nodeId='other-node' bpDictSize=0 inDict=False mgr=False paused=False
22:32:22.053 SetBreakpoint nodeIdStr='aaaaaaaa-aaaa-aaaa-aaaa-aaaaaaaaaaaa' assetId=00000000-0000-0000-0000-000000000000 <NO DEBUG MAP REGISTERED> bpCount=2 mgr=False
22:32:22.054 OnNodeEnter entity=1 nodeId='aaaaaaaa-aaaa-aaaa-aaaa-aaaaaaaaaaaa' bpDictSize=1 inDict=True mgr=False paused=False
22:32:22.055 BREAKPOINT HIT! nodeId='aaaaaaaa-aaaa-aaaa-aaaa-aaaaaaaaaaaa' entity=1
22:32:22.056 SetBreakpoint nodeIdStr='5e118693-0e30-4058-8175-daa16c074867' assetId=4f0c6d21-8468-46fe-85db-16c0b22a19fd <NO DEBUG MAP REGISTERED> bpCount=2 mgr=False
22:32:22.155 SetBreakpoint nodeIdStr='89b879b7-3d3e-a106-ca1c-532bf01c03f7' assetId=75c77dfb-3991-fad3-3049-61217a8d75fb <NO DEBUG MAP REGISTERED> bpCount=2 mgr=False
22:32:22.251 OnNodeEnter entity=0 nodeId='33940bc2-4dc0-2a1f-4ebd-cf64bee1f3b1' bpDictSize=1 inDict=False mgr=False paused=False
22:32:31.681 SetBreakpoint nodeIdStr='0b561966-b00b-4c84-a1a0-87042220ba9f' assetId=47fe9c55-c6ca-4c69-9c5a-d46de25745de <NO DEBUG MAP REGISTERED> bpCount=2 mgr=False
22:32:31.691 OnNodeEnter entity=0 nodeId='da9a9c0b-25f8-4a81-9a52-75c715456f18' bpDictSize=1 inDict=False mgr=False paused=False
22:32:31.692 OnNodeEnter entity=0 nodeId='20000006-0000-0000-0000-000000000004' bpDictSize=1 inDict=False mgr=False paused=False
22:32:31.693 OnNodeEnter entity=0 nodeId='0b561966-b00b-4c84-a1a0-87042220ba9f' bpDictSize=1 inDict=True mgr=False paused=False
22:32:31.694 BREAKPOINT HIT! nodeId='0b561966-b00b-4c84-a1a0-87042220ba9f' entity=0
22:32:31.798 SetBreakpoint nodeIdStr='89b879b7-3d3e-a106-ca1c-532bf01c03f7' assetId=75c77dfb-3991-fad3-3049-61217a8d75fb <NO DEBUG MAP REGISTERED> bpCount=2 mgr=False
22:32:31.907 OnNodeEnter entity=0 nodeId='33940bc2-4dc0-2a1f-4ebd-cf64bee1f3b1' bpDictSize=1 inDict=False mgr=False paused=False
